latitude,longitude,date,time,distance_in_m,speed_m/s,speed_kmh,formatted_time,total_time,total_distance
37.140556034793654,-8.535791510854368,2025-03-14,21:05:50,0.0,0.0,0.0,0 segundos,0 segundos,0.0
37.140533447265625,-8.535791510854368,2025-03-14,21:09:05,2.511618522537673,0.01,0.04,"3 minutos, 15 segundos","3 minutos, 15 segundos",2.511618522537673
37.1407470703125,-8.535477323465548,2025-03-14,21:29:00,36.60377128193957,0.03,0.11,"19 minutos, 55 segundos","23 minutos, 10 segundos",39.115389804477246
37.1408010274519,-8.535553850241504,2025-03-14,21:29:15,9.05595096921925,0.6,2.16,15 segundos,"23 minutos, 25 segundos",48.1713407736965
37.14079314846292,-8.535546557985745,2025-03-14,21:29:25,1.0887456682438357,0.11,0.4,10 segundos,"23 minutos, 35 segundos",49.26008644194034
37.14075905187701,-8.535584921945615,2025-03-14,21:29:35,5.092965498060249,0.51,1.84,10 segundos,"23 minutos, 45 segundos",54.35305194000058
37.14076097725204,-8.535603376802388,2025-03-14,21:29:45,1.649780494867401,0.16,0.58,10 segundos,"23 minutos, 55 segundos",56.00283243486798
37.140769666563024,-8.535574500818504,2025-03-14,21:29:55,2.7358496167094994,0.27,0.97,10 segundos,"24 minutos, 5 segundos",58.738682051577484
37.14076035243403,-8.535587801870454,2025-03-14,21:30:05,1.5692928756292108,0.16,0.58,10 segundos,"24 minutos, 15 segundos",60.30797492720669
37.1407356024915,-8.535614232852515,2025-03-14,21:30:15,3.614240459319439,0.36,1.3,10 segundos,"24 minutos, 25 segundos",63.92221538652613
37.14072019188473,-8.535619825771386,2025-03-14,21:30:25,1.7838533787108453,0.18,0.65,10 segundos,"24 minutos, 35 segundos",65.70606876523698
37.140652852082624,-8.534612033440132,2025-03-14,21:31:22,89.64361713623309,1.57,5.65,57 segundos,"25 minutos, 32 segundos",155.34968590147008
37.14049772828551,-8.533902363859614,2025-03-14,21:31:33,65.22698311556034,5.93,21.35,11 segundos,"25 minutos, 43 segundos",220.57666901703044
37.140355607013234,-8.533394217656,2025-03-14,21:31:45,47.73390956991832,3.98,14.33,12 segundos,"25 minutos, 55 segundos",268.31057858694874
37.14025089976081,-8.532971916075676,2025-03-14,21:31:55,39.201728637539844,3.92,14.11,10 segundos,"26 minutos, 5 segundos",307.5123072244886
37.13980556798261,-8.53302313536597,2025-03-14,21:32:05,49.726327529898896,4.97,17.89,10 segundos,"26 minutos, 15 segundos",357.2386347543875
37.13949837790681,-8.532854985993533,2025-03-14,21:32:15,37.26826507275742,3.73,13.43,10 segundos,"26 minutos, 25 segundos",394.5068998271449
37.13890305196625,-8.533536395987054,2025-03-14,21:32:25,89.61231870139946,8.96,32.26,10 segundos,"26 minutos, 35 segundos",484.11921852854437
37.13824677922514,-8.534288638908981,2025-03-14,21:32:35,98.8509449868718,9.89,35.6,10 segundos,"26 minutos, 45 segundos",582.9701635154162
37.137793446112184,-8.535276776334012,2025-03-14,21:32:45,101.06049687729545,10.11,36.4,10 segundos,"26 minutos, 55 segundos",684.0306603927116
37.13731848706708,-8.536030648110545,2025-03-14,21:32:55,85.17563502161003,8.52,30.67,10 segundos,"27 minutos, 5 segundos",769.2062954143216
37.13702129757056,-8.536546790720429,2025-03-14,21:33:05,56.43895984270717,5.64,20.3,10 segundos,"27 minutos, 15 segundos",825.6452552570288
37.13677148243624,-8.536891135882081,2025-03-14,21:33:15,41.27167648482016,4.13,14.87,10 segundos,"27 minutos, 25 segundos",866.916931741849
37.136240602322346,-8.537106319239355,2025-03-14,21:33:25,62.03651123811173,6.2,22.32,10 segundos,"27 minutos, 35 segundos",928.9534429799608
37.13528687946159,-8.537132190015189,2025-03-14,21:33:35,106.07393735854833,10.61,38.2,10 segundos,"27 minutos, 45 segundos",1035.0273803385091
37.13456632747276,-8.537073464087909,2025-03-14,21:33:45,80.29066997276735,8.03,28.91,10 segundos,"27 minutos, 55 segundos",1115.3180503112765
37.13424828142987,-8.537066856945298,2025-03-14,21:33:55,35.36995617297997,3.54,12.74,10 segundos,"28 minutos, 5 segundos",1150.6880064842564
37.133731353971896,-8.537025891059676,2025-03-14,21:34:05,57.594314877480556,5.76,20.74,10 segundos,"28 minutos, 15 segundos",1208.282321361737
37.13383473777749,-8.538031082940602,2025-03-14,21:34:15,89.84644063148252,8.98,32.33,10 segundos,"28 minutos, 25 segundos",1298.1287619932195
37.133778169641566,-8.53851389320609,2025-03-14,21:34:25,43.25975854282959,4.33,15.59,10 segundos,"28 minutos, 35 segundos",1341.388520536049
37.13306977697923,-8.538493643709147,2025-03-14,21:34:35,78.79012149240762,7.88,28.37,10 segundos,"28 minutos, 45 segundos",1420.1786420284568
37.13245806624903,-8.538374702049156,2025-03-14,21:34:45,68.83152613920245,6.88,24.77,10 segundos,"28 minutos, 55 segundos",1489.0101681676592
37.13186723278011,-8.538607732511949,2025-03-14,21:34:55,68.86901515823587,6.89,24.8,10 segundos,"29 minutos, 5 segundos",1557.8791833258952
37.13155724753758,-8.538964282971044,2025-03-14,21:35:05,46.76728317139182,4.68,16.85,10 segundos,"29 minutos, 15 segundos",1604.646466497287
37.13149011420098,-8.539009221940333,2025-03-14,21:35:15,8.461420689176347,0.85,3.06,10 segundos,"29 minutos, 25 segundos",1613.1078871864634
37.13148697684702,-8.539012608052358,2025-03-14,21:35:25,0.4602281613321699,0.05,0.18,10 segundos,"29 minutos, 35 segundos",1613.5681153477956
37.13148041288748,-8.53901969244182,2025-03-14,21:35:35,0.9628863667838359,0.1,0.36,10 segundos,"29 minutos, 45 segundos",1614.5310017145794
37.13133982059006,-8.538822793842282,2025-03-14,21:35:45,23.4324132280026,2.34,8.42,10 segundos,"29 minutos, 55 segundos",1637.963414942582
37.13135861227501,-8.538856666720188,2025-03-14,21:35:55,3.658317383755963,0.37,1.33,10 segundos,"30 minutos, 5 segundos",1641.621732326338
37.131349108603075,-8.53883547161736,2025-03-14,21:36:05,2.155742278124911,0.22,0.79,10 segundos,"30 minutos, 15 segundos",1643.777474604463
37.131365893551205,-8.538876462214173,2025-03-14,21:36:15,4.085124572652066,0.41,1.48,10 segundos,"30 minutos, 25 segundos",1647.862599177115
37.13147089234554,-8.53903026198824,2025-03-14,21:36:25,17.950236009718246,1.8,6.48,10 segundos,"30 minutos, 35 segundos",1665.8128351868334
37.13147605424138,-8.539024396664594,2025-03-14,21:36:35,0.774474767420357,0.08,0.29,10 segundos,"30 minutos, 45 segundos",1666.5873099542537
37.13133621658819,-8.5388931894248,2025-03-14,21:36:45,19.41835826587349,1.94,6.98,10 segundos,"30 minutos, 55 segundos",1686.005668220127
37.13144615605419,-8.53905497367062,2025-03-14,21:36:55,18.84526276945519,1.88,6.77,10 segundos,"31 minutos, 5 segundos",1704.8509309895821
37.13140074763344,-8.539100336892313,2025-03-14,21:37:05,6.454960419485146,0.65,2.34,10 segundos,"31 minutos, 15 segundos",1711.3058914090673
37.13132789357601,-8.53917174980793,2025-03-14,21:37:15,10.2813028350159,1.03,3.71,10 segundos,"31 minutos, 25 segundos",1721.587194244083
37.13130971240381,-8.539188530737254,2025-03-14,21:37:25,2.510011346469322,0.25,0.9,10 segundos,"31 minutos, 35 segundos",1724.0972055905524
37.13128773306575,-8.539208775933716,2025-03-14,21:37:35,3.0321967539630266,0.3,1.08,10 segundos,"31 minutos, 45 segundos",1727.1294023445155
37.13124414659071,-8.539220830533399,2025-03-14,21:37:55,4.963012329760434,0.25,0.9,20 segundos,"32 minutos, 5 segundos",1732.092414674276
37.131411141613455,-8.539264397819256,2025-03-14,21:38:05,18.966413309034053,1.9,6.84,10 segundos,"32 minutos, 15 segundos",1751.05882798331
37.13142470421696,-8.539248335114555,2025-03-14,21:38:15,2.074132290772579,0.21,0.76,10 segundos,"32 minutos, 25 segundos",1753.1329602740825
37.13152284054938,-8.539389276772638,2025-03-14,21:38:25,16.588880498322712,1.66,5.98,10 segundos,"32 minutos, 35 segundos",1769.7218407724051
37.13111939666596,-8.539034746537299,2025-03-14,21:38:35,54.7750281330028,5.48,19.73,10 segundos,"32 minutos, 45 segundos",1824.4968689054078
37.13111989524733,-8.539034984149136,2025-03-14,21:38:45,0.05930662010614671,0.01,0.04,10 segundos,"32 minutos, 55 segundos",1824.556175525514
37.13112012525478,-8.53903517373229,2025-03-14,21:38:55,0.03060359168224262,0.0,0.0,10 segundos,"33 minutos, 5 segundos",1824.586779117196
37.131120204051875,-8.539035243189009,2025-03-14,21:39:05,0.010709030350237785,0.0,0.0,10 segundos,"33 minutos, 15 segundos",1824.5974881475463
37.13112018883257,-8.539035229810946,2025-03-14,21:39:15,0.002066507669698505,0.0,0.0,10 segundos,"33 minutos, 25 segundos",1824.599554655216
37.131120191422006,-8.539035232086567,2025-03-14,21:39:25,0.0003515716769535127,0.0,0.0,10 segundos,"33 minutos, 35 segundos",1824.599906226893
37.131120190986174,-8.539035231703563,2025-03-14,21:39:35,5.917294615352415e-05,0.0,0.0,10 segundos,"33 minutos, 45 segundos",1824.599965399839
37.131120191064326,-8.539035231772242,2025-03-14,21:39:45,1.061077990440822e-05,0.0,0.0,10 segundos,"33 minutos, 55 segundos",1824.599976010619
37.13112019104899,-8.539035231758763,2025-03-14,21:39:55,2.0823362923880752e-06,0.0,0.0,10 segundos,"34 minutos, 5 segundos",1824.5999780929553
37.1311201910489,-8.539035231758685,2025-03-14,21:40:05,1.2073952054966138e-08,0.0,0.0,10 segundos,"34 minutos, 15 segundos",1824.5999781050293
37.13112019104889,-8.539035231758682,2025-03-14,21:40:15,1.4765163715105167e-09,0.0,0.0,10 segundos,"34 minutos, 25 segundos",1824.599978106506
37.13111987943349,-8.539037675033144,2025-03-14,21:45:55,0.21935238050456846,0.0,0.0,"5 minutos, 40 segundos","40 minutos, 5 segundos",1824.8193304870103
37.13111986760122,-8.539037767806139,2025-03-14,21:46:05,0.008328977088577619,0.0,0.0,10 segundos,"40 minutos, 15 segundos",1824.8276594640988
37.13111987195736,-8.539037733651027,2025-03-14,21:46:15,0.0030663786955049395,0.0,0.0,10 segundos,"40 minutos, 25 segundos",1824.8307258427942
37.13153880737911,-8.539650225991501,2025-03-14,21:46:25,71.54211511745277,7.15,25.74,10 segundos,"40 minutos, 35 segundos",1896.372840960247
37.131613964275346,-8.539600041398302,2025-03-14,21:46:35,9.467474577805302,0.95,3.42,10 segundos,"40 minutos, 45 segundos",1905.8403155380522
37.131614864823625,-8.539617706064565,2025-03-14,21:46:45,1.5691756602774054,0.16,0.58,10 segundos,"40 minutos, 55 segundos",1907.4094911983295
37.13161218782139,-8.539656731611151,2025-03-14,21:46:55,3.472407258882532,0.35,1.26,10 segundos,"41 minutos, 5 segundos",1910.8818984572122
37.13134856954403,-8.539783891673688,2025-03-14,21:47:05,31.4058706476295,3.14,11.3,10 segundos,"41 minutos, 15 segundos",1942.2877691048416
37.13115604502452,-8.539086663144646,2025-03-14,21:47:25,65.41209142652598,3.27,11.77,20 segundos,"41 minutos, 35 segundos",2007.6998605313674
37.13115512984299,-8.539075494291964,2025-03-14,21:47:35,0.995343533877484,0.1,0.36,10 segundos,"41 minutos, 45 segundos",2008.695204065245
37.13115612198965,-8.539081950487754,2025-03-14,21:47:45,0.5828823868568658,0.06,0.22,10 segundos,"41 minutos, 55 segundos",2009.278086452102
37.13115622862245,-8.539082644379338,2025-03-14,21:47:55,0.0626463622550114,0.01,0.04,10 segundos,"42 minutos, 5 segundos",2009.340732814357
37.13115624135004,-8.539082727202196,2025-03-14,21:48:05,0.007477464080563595,0.0,0.0,10 segundos,"42 minutos, 15 segundos",2009.3482102784374
37.13115624156921,-8.539082728628491,2025-03-14,21:48:15,0.0001287692306447822,0.0,0.0,10 segundos,"42 minutos, 25 segundos",2009.348339047668
37.13115624143372,-8.539082727746768,2025-03-14,21:48:25,7.960401205958935e-05,0.0,0.0,10 segundos,"42 minutos, 35 segundos",2009.3484186516803
37.13115624143017,-8.539082727723672,2025-03-14,21:48:35,2.08513813061301e-06,0.0,0.0,10 segundos,"42 minutos, 45 segundos",2009.3484207368183
37.13115624143164,-8.539082727733229,2025-03-14,21:48:45,8.627580305966046e-07,0.0,0.0,10 segundos,"42 minutos, 55 segundos",2009.3484215995763
37.131156241431384,-8.539082727731575,2025-03-14,21:48:55,1.4918499668987234e-07,0.0,0.0,10 segundos,"43 minutos, 5 segundos",2009.3484217487614
37.13115624143137,-8.53908272773149,2025-03-14,21:49:05,7.743206532560036e-09,0.0,0.0,10 segundos,"43 minutos, 15 segundos",2009.3484217565046
37.13115624143137,-8.539082727731486,2025-03-14,21:49:15,2.819587172620748e-10,0.0,0.0,10 segundos,"43 minutos, 25 segundos",2009.3484217567866
37.13115624143137,-8.539082727731488,2025-03-14,21:49:25,1.409793586310374e-10,0.0,0.0,10 segundos,"43 minutos, 35 segundos",2009.3484217569276
37.13143930508973,-8.539296825708734,2025-03-14,22:08:55,36.75497686318786,0.03,0.11,"19 minutos, 30 segundos","1 horas, 3 minutos, 5 segundos",2046.1033986201155
37.13133906200387,-8.539182832491942,2025-03-14,22:09:05,15.045507089747815,1.5,5.4,10 segundos,"1 horas, 3 minutos, 15 segundos",2061.1489057098634
37.131387503547174,-8.53922621336609,2025-03-14,22:09:15,6.6184281459834295,0.66,2.38,10 segundos,"1 horas, 3 minutos, 25 segundos",2067.7673338558466
37.13136172496424,-8.539200589906669,2025-03-14,22:09:25,3.657374339977372,0.37,1.33,10 segundos,"1 horas, 3 minutos, 35 segundos",2071.4247081958238
37.13115691506541,-8.53924249333149,2025-03-14,22:09:35,23.074801152170853,2.31,8.32,10 segundos,"1 horas, 3 minutos, 45 segundos",2094.4995093479947
37.131359945085954,-8.538911892109121,2025-03-14,22:09:45,36.99502483510812,3.7,13.32,10 segundos,"1 horas, 3 minutos, 55 segundos",2131.494534183103
37.131442381103646,-8.538994034760202,2025-03-14,22:09:55,11.706898303782683,1.17,4.21,10 segundos,"1 horas, 4 minutos, 5 segundos",2143.2014324868856
37.13157874279804,-8.538917510385085,2025-03-14,22:10:05,16.61113619763714,1.66,5.98,10 segundos,"1 horas, 4 minutos, 15 segundos",2159.812568684523
37.131547322531354,-8.53888833896121,2025-03-14,22:10:15,4.346739582274903,0.43,1.55,10 segundos,"1 horas, 4 minutos, 25 segundos",2164.159308266798
37.13150739910861,-8.538845578674186,2025-03-14,22:10:25,5.837529096441932,0.58,2.09,10 segundos,"1 horas, 4 minutos, 35 segundos",2169.9968373632396
37.13143490422517,-8.53884340883942,2025-03-14,22:10:35,8.063357972063885,0.81,2.92,10 segundos,"1 horas, 4 minutos, 45 segundos",2178.0601953353034
37.13135525700881,-8.538851663856851,2025-03-14,22:10:45,8.886550155656675,0.89,3.2,10 segundos,"1 horas, 4 minutos, 55 segundos",2186.94674549096
37.13135469391659,-8.538910071117504,2025-03-14,22:10:55,5.178215350129058,0.52,1.87,10 segundos,"1 horas, 5 minutos, 5 segundos",2192.124960841089
37.131441131101944,-8.538805601651347,2025-03-14,22:11:05,13.347273893351888,1.33,4.79,10 segundos,"1 horas, 5 minutos, 15 segundos",2205.472234734441
37.13127800075358,-8.53888447662076,2025-03-14,22:11:15,19.440303901648363,1.94,6.98,10 segundos,"1 horas, 5 minutos, 25 segundos",2224.9125386360893
37.13113756006524,-8.53893322427356,2025-03-14,22:11:25,16.203211813458285,1.62,5.83,10 segundos,"1 horas, 5 minutos, 35 segundos",2241.1157504495477
37.13101346887265,-8.53888798741617,2025-03-14,22:11:35,14.369265704759227,1.44,5.18,10 segundos,"1 horas, 5 minutos, 45 segundos",2255.485016154307
37.1309741652699,-8.538876449878707,2025-03-14,22:11:45,4.488452513809937,0.45,1.62,10 segundos,"1 horas, 5 minutos, 55 segundos",2259.9734686681168
37.13090759143912,-8.538872652417565,2025-03-14,22:11:55,7.410323113155027,0.74,2.66,10 segundos,"1 horas, 6 minutos, 5 segundos",2267.3837917812716
37.13085243724788,-8.538891136408,2025-03-14,22:12:05,6.3480032534271125,0.63,2.27,10 segundos,"1 horas, 6 minutos, 15 segundos",2273.7317950346987
37.130746302241135,-8.538912224533572,2025-03-14,22:12:15,11.948828457185842,1.19,4.28,10 segundos,"1 horas, 6 minutos, 25 segundos",2285.6806234918845
37.13067517167153,-8.538927247913033,2025-03-14,22:12:25,8.020707930972923,0.8,2.88,10 segundos,"1 horas, 6 minutos, 35 segundos",2293.7013314228575
37.13063260671272,-8.538926618511342,2025-03-14,22:12:35,4.733336357422293,0.47,1.69,10 segundos,"1 horas, 6 minutos, 45 segundos",2298.4346677802796
37.13059291353269,-8.538981150312777,2025-03-14,22:12:45,6.5460864474417075,0.65,2.34,10 segundos,"1 horas, 6 minutos, 55 segundos",2304.9807542277213
37.13052859025194,-8.538971255028414,2025-03-14,22:12:55,7.20601713708821,0.72,2.59,10 segundos,"1 horas, 7 minutos, 5 segundos",2312.1867713648094
37.13042806225444,-8.538921856592875,2025-03-14,22:13:05,12.005417957207971,1.2,4.32,10 segundos,"1 horas, 7 minutos, 15 segundos",2324.1921893220174
37.13036666140747,-8.538845186945556,2025-03-14,22:13:15,9.633899058278885,0.96,3.46,10 segundos,"1 horas, 7 minutos, 25 segundos",2333.8260883802964
37.13022735392453,-8.53886261247605,2025-03-14,22:13:25,15.567124393453078,1.56,5.62,10 segundos,"1 horas, 7 minutos, 35 segundos",2349.3932127737494
37.13021870741668,-8.538800947656604,2025-03-14,22:13:35,5.550605690732258,0.56,2.02,10 segundos,"1 horas, 7 minutos, 45 segundos",2354.943818464482
37.13025899485166,-8.538682186652812,2025-03-14,22:13:45,11.441815385087155,1.14,4.1,10 segundos,"1 horas, 7 minutos, 55 segundos",2366.385633849569
37.130272064858914,-8.53862704630362,2025-03-14,22:13:55,5.099759707389218,0.51,1.84,10 segundos,"1 horas, 8 minutos, 5 segundos",2371.485393556958
37.13030703657478,-8.538462103732401,2025-03-14,22:14:05,15.130700604029087,1.51,5.44,10 segundos,"1 horas, 8 minutos, 15 segundos",2386.6160941609874
37.13034981950237,-8.538412580340566,2025-03-14,22:14:15,6.473517462098537,0.65,2.34,10 segundos,"1 horas, 8 minutos, 25 segundos",2393.089611623086
37.13040816201712,-8.538444458346076,2025-03-14,22:14:25,7.076210206754368,0.71,2.56,10 segundos,"1 horas, 8 minutos, 35 segundos",2400.1658218298403
37.130451198039665,-8.538358040624486,2025-03-14,22:14:35,9.032828060704187,0.9,3.24,10 segundos,"1 horas, 8 minutos, 45 segundos",2409.1986498905444
37.13049003368701,-8.538248282572468,2025-03-14,22:14:45,10.645434268134856,1.06,3.82,10 segundos,"1 horas, 8 minutos, 55 segundos",2419.8440841586794
37.130547821189566,-8.538102068059075,2025-03-14,22:14:55,14.467427943233961,1.45,5.22,10 segundos,"1 horas, 9 minutos, 5 segundos",2434.311512101913
37.13056884221976,-8.537951362613374,2025-03-14,22:15:05,13.563194293578219,1.36,4.9,10 segundos,"1 horas, 9 minutos, 15 segundos",2447.8747063954916
37.13060920183591,-8.537799076794586,2025-03-14,22:15:15,14.226733774641309,1.42,5.11,10 segundos,"1 horas, 9 minutos, 25 segundos",2462.1014401701327
37.130675316939346,-8.537657636995242,2025-03-14,22:15:25,14.53510875480199,1.45,5.22,10 segundos,"1 horas, 9 minutos, 35 segundos",2476.6365489249347
37.13066962144559,-8.537517033750214,2025-03-14,22:15:35,12.480748218899564,1.25,4.5,10 segundos,"1 horas, 9 minutos, 45 segundos",2489.117297143834
37.13074396641086,-8.537444395294736,2025-03-14,22:15:45,10.478874082961974,1.05,3.78,10 segundos,"1 horas, 9 minutos, 55 segundos",2499.5961712267963
37.13081993014081,-8.537412936719697,2025-03-14,22:15:55,8.895265783964863,0.89,3.2,10 segundos,"1 horas, 10 minutos, 5 segundos",2508.4914370107613
37.130903088876146,-8.53745727047912,2025-03-14,22:16:05,10.047419092628529,1.0,3.6,10 segundos,"1 horas, 10 minutos, 15 segundos",2518.5388561033897
37.13099036854045,-8.537546404288939,2025-03-14,22:16:15,12.515056473825895,1.25,4.5,10 segundos,"1 horas, 10 minutos, 25 segundos",2531.0539125772157
37.13105461105771,-8.537616693273401,2025-03-14,22:16:25,9.47926363460119,0.95,3.42,10 segundos,"1 horas, 10 minutos, 35 segundos",2540.5331762118167
37.131141502400155,-8.537632546829439,2025-03-14,22:16:35,9.763559506650646,0.98,3.53,10 segundos,"1 horas, 10 minutos, 45 segundos",2550.2967357184675
37.13124865345028,-8.53759069011998,2025-03-14,22:16:45,12.479091575846715,1.25,4.5,10 segundos,"1 horas, 10 minutos, 55 segundos",2562.7758272943142
37.13131639086716,-8.537571028242507,2025-03-14,22:16:55,7.731110305290799,0.77,2.77,10 segundos,"1 horas, 11 minutos, 5 segundos",2570.506937599605
37.1313348131683,-8.537684758213612,2025-03-14,22:17:05,10.288225497848865,1.03,3.71,10 segundos,"1 horas, 11 minutos, 15 segundos",2580.795163097454
37.13131853378335,-8.537837101213409,2025-03-14,22:17:15,13.626072610107098,1.36,4.9,10 segundos,"1 horas, 11 minutos, 25 segundos",2594.421235707561
37.13130407534384,-8.537939609234773,2025-03-14,22:17:25,9.228518040594217,0.92,3.31,10 segundos,"1 horas, 11 minutos, 35 segundos",2603.6497537481555
37.131294212805415,-8.538067269546623,2025-03-14,22:17:35,11.370178131161415,1.14,4.1,10 segundos,"1 horas, 11 minutos, 45 segundos",2615.019931879317
37.13128036437912,-8.538247760960264,2025-03-14,22:17:45,16.074607035562227,1.61,5.8,10 segundos,"1 horas, 11 minutos, 55 segundos",2631.094538914879
37.13132161450417,-8.538377765741599,2025-03-14,22:17:55,12.404214454478883,1.24,4.46,10 segundos,"1 horas, 12 minutos, 5 segundos",2643.498753369358
37.13140403388715,-8.538444249703241,2025-03-14,22:18:05,10.896217819436275,1.09,3.92,10 segundos,"1 horas, 12 minutos, 15 segundos",2654.394971188794
37.13151087562706,-8.538377554255101,2025-03-14,22:18:15,13.270236691279232,1.33,4.79,10 segundos,"1 horas, 12 minutos, 25 segundos",2667.665207880073
37.13161871445707,-8.53832168309507,2025-03-14,22:18:25,12.973796283592412,1.3,4.68,10 segundos,"1 horas, 12 minutos, 35 segundos",2680.6390041636655
37.131727961080045,-8.538304478400121,2025-03-14,22:18:35,12.243043970020832,1.22,4.39,10 segundos,"1 horas, 12 minutos, 45 segundos",2692.882048133686
37.13183947248947,-8.538340756508475,2025-03-14,22:18:45,12.809789025542546,1.28,4.61,10 segundos,"1 horas, 12 minutos, 55 segundos",2705.6918371592287
37.13195895177889,-8.538384171172906,2025-03-14,22:18:55,13.831732052810375,1.38,4.97,10 segundos,"1 horas, 13 minutos, 5 segundos",2719.523569212039
37.13201871286116,-8.538486623707078,2025-03-14,22:19:05,11.25378677118637,1.13,4.07,10 segundos,"1 horas, 13 minutos, 15 segundos",2730.7773559832253
37.13197771969908,-8.538603152992875,2025-03-14,22:19:15,11.291260474148693,1.13,4.07,10 segundos,"1 horas, 13 minutos, 25 segundos",2742.068616457374
37.13191500371269,-8.53867064364868,2025-03-14,22:19:25,9.188537994279649,0.92,3.31,10 segundos,"1 horas, 13 minutos, 35 segundos",2751.2571544516536
37.13185359905421,-8.53872258280554,2025-03-14,22:19:35,8.235324261910968,0.82,2.95,10 segundos,"1 horas, 13 minutos, 45 segundos",2759.4924787135647
37.131769246751105,-8.538791618964698,2025-03-14,22:19:45,11.199599570895238,1.12,4.03,10 segundos,"1 horas, 13 minutos, 55 segundos",2770.69207828446
37.13168729336955,-8.538891101764746,2025-03-14,22:19:55,12.681512808863365,1.27,4.57,10 segundos,"1 horas, 14 minutos, 5 segundos",2783.3735910933233
37.13157082417274,-8.5389300759625,2025-03-14,22:20:05,13.4037429474497,1.34,4.82,10 segundos,"1 horas, 14 minutos, 15 segundos",2796.777334040773
37.13142948614982,-8.538975572307482,2025-03-14,22:20:15,16.22535515184008,1.62,5.83,10 segundos,"1 horas, 14 minutos, 25 segundos",2813.002689192613
37.131325229673415,-8.539024750502891,2025-03-14,22:20:25,12.385457724387091,1.24,4.46,10 segundos,"1 horas, 14 minutos, 35 segundos",2825.388146917
37.1312325995493,-8.539009446494573,2025-03-14,22:20:35,10.388968192218515,1.04,3.74,10 segundos,"1 horas, 14 minutos, 45 segundos",2835.777115109219
37.131148161906346,-8.53899749973283,2025-03-14,22:20:45,9.448581694037184,0.94,3.38,10 segundos,"1 horas, 14 minutos, 55 segundos",2845.225696803256
37.13115360446274,-8.53898304184543,2025-03-14,22:21:04,1.4173962100084394,0.07,0.25,19 segundos,"1 horas, 15 minutos, 14 segundos",2846.6430930132647
37.13115889454997,-8.538981715109783,2025-03-14,22:21:15,0.599874246277631,0.05,0.18,11 segundos,"1 horas, 15 minutos, 25 segundos",2847.242967259542
37.13115414826249,-8.538983674162962,2025-03-14,22:21:25,0.555603917586877,0.06,0.22,10 segundos,"1 horas, 15 minutos, 35 segundos",2847.798571177129
37.131359313921045,-8.539254819056593,2025-03-14,22:21:42,33.13964903114727,1.95,7.02,17 segundos,"1 horas, 15 minutos, 52 segundos",2880.938220208276
37.131320426575215,-8.539284948989717,2025-03-14,22:21:55,5.082525344051902,0.39,1.4,13 segundos,"1 horas, 16 minutos, 5 segundos",2886.020745552328
37.13136050228774,-8.539260686815703,2025-03-14,22:22:05,4.94813514243068,0.49,1.76,10 segundos,"1 horas, 16 minutos, 15 segundos",2890.968880694759
37.13132764092451,-8.539182287113935,2025-03-14,22:22:15,7.852186190280257,0.79,2.84,10 segundos,"1 horas, 16 minutos, 25 segundos",2898.8210668850393
37.13140579600594,-8.539232947573229,2025-03-14,22:22:25,9.78231441804828,0.98,3.53,10 segundos,"1 horas, 16 minutos, 35 segundos",2908.6033813030876
37.13136264725131,-8.539206401254473,2025-03-14,22:22:35,5.343996208316726,0.53,1.91,10 segundos,"1 horas, 16 minutos, 45 segundos",2913.9473775114043
37.13137782241864,-8.539290210038429,2025-03-14,22:22:45,7.618903345456274,0.76,2.74,10 segundos,"1 horas, 16 minutos, 55 segundos",2921.5662808568604
37.13115153376466,-8.539079310302013,2025-03-14,22:22:55,31.34787574355494,3.13,11.27,10 segundos,"1 horas, 17 minutos, 5 segundos",2952.9141566004155
37.13115428725819,-8.539081113918279,2025-03-14,22:23:05,0.3454103260130141,0.03,0.11,10 segundos,"1 horas, 17 minutos, 15 segundos",2953.2595669264283
37.13115609721443,-8.539082601454341,2025-03-14,22:23:15,0.24061336900011962,0.02,0.07,10 segundos,"1 horas, 17 minutos, 25 segundos",2953.5001802954284
37.13115621580559,-8.539082705733838,2025-03-14,22:23:25,0.016104348156560727,0.0,0.0,10 segundos,"1 horas, 17 minutos, 35 segundos",2953.516284643585
37.13115624036362,-8.539082726814717,2025-03-14,22:23:35,0.0033089925551854304,0.0,0.0,10 segundos,"1 horas, 17 minutos, 45 segundos",2953.51959363614
37.13115624122562,-8.539082727554888,2025-03-14,22:23:45,0.00011615788050560073,0.0,0.0,10 segundos,"1 horas, 17 minutos, 55 segundos",2953.519709794021
37.1311562414197,-8.539082727721475,2025-03-14,22:23:55,2.6150325419222587e-05,0.0,0.0,10 segundos,"1 horas, 18 minutos, 5 segundos",2953.5197359443464
37.13115624143502,-8.53908272773462,2025-03-14,22:24:05,2.064321334225522e-06,0.0,0.0,10 segundos,"1 horas, 18 minutos, 15 segundos",2953.519738008668
37.13115624143081,-8.539082727731,2025-03-14,22:24:15,5.682217131211628e-07,0.0,0.0,10 segundos,"1 horas, 18 minutos, 25 segundos",2953.5197385768897
37.13115624143135,-8.539082727731468,2025-03-14,22:24:25,7.310504774620449e-08,0.0,0.0,10 segundos,"1 horas, 18 minutos, 35 segundos",2953.519738649995
37.13115624143136,-8.539082727731483,2025-03-14,22:24:35,1.8092084735339896e-09,0.0,0.0,10 segundos,"1 horas, 18 minutos, 45 segundos",2953.519738651804
37.131401574837746,-8.539264659738036,2025-03-14,22:26:35,31.6909159504365,0.26,0.94,"2 minutos, 0 segundos","1 horas, 20 minutos, 45 segundos",2985.2106546022405
37.13139211049205,-8.539240052809758,2025-03-14,22:26:45,2.4220030460879336,0.24,0.86,10 segundos,"1 horas, 20 minutos, 55 segundos",2987.6326576483284
37.1312774835928,-8.539304165742479,2025-03-14,22:26:55,13.955736917834074,1.4,5.04,10 segundos,"1 horas, 21 minutos, 5 segundos",3001.5883945661626
37.13138014253145,-8.53918330063796,2025-03-14,22:27:05,15.656049452353313,1.57,5.65,10 segundos,"1 horas, 21 minutos, 15 segundos",3017.244444018516
37.13123989129395,-8.53917508985143,2025-03-14,22:27:15,15.612203617620414,1.56,5.62,10 segundos,"1 horas, 21 minutos, 25 segundos",3032.856647636136
37.1313347201507,-8.539051923887559,2025-03-14,22:27:25,15.17910262180337,1.52,5.47,10 segundos,"1 horas, 21 minutos, 35 segundos",3048.0357502579395
37.13152833752067,-8.539062095813955,2025-03-14,22:27:35,21.54814564166133,2.15,7.74,10 segundos,"1 horas, 21 minutos, 45 segundos",3069.583895899601
37.13165283203125,-8.538904851310457,2025-03-14,22:27:51,19.64561628251019,1.23,4.43,16 segundos,"1 horas, 22 minutos, 1 segundos",3089.229512182111
37.1317556677284,-8.538840745060304,2025-03-14,22:28:04,12.769167962335686,0.98,3.53,13 segundos,"1 horas, 22 minutos, 14 segundos",3101.998680144447
37.13175909131511,-8.538894793026651,2025-03-14,22:28:15,4.806456817970021,0.44,1.58,11 segundos,"1 horas, 22 minutos, 25 segundos",3106.8051369624172
37.1316442486919,-8.538959977775429,2025-03-14,22:28:25,14.016541817441222,1.4,5.04,10 segundos,"1 horas, 22 minutos, 35 segundos",3120.8216787798583
37.131535770706435,-8.538975072994706,2025-03-14,22:28:35,12.13620516314291,1.21,4.36,10 segundos,"1 horas, 22 minutos, 45 segundos",3132.9578839430014
37.13140647639515,-8.538994246907292,2025-03-14,22:28:45,14.477004873390193,1.45,5.22,10 segundos,"1 horas, 22 minutos, 55 segundos",3147.434888816392
37.13130845336498,-8.539034947088412,2025-03-14,22:28:55,11.481333118388855,1.15,4.14,10 segundos,"1 horas, 23 minutos, 5 segundos",3158.9162219347804
37.13119848799379,-8.538957439499521,2025-03-14,22:29:05,14.025905287997455,1.4,5.04,10 segundos,"1 horas, 23 minutos, 15 segundos",3172.942127222778
37.1313231305069,-8.53915120489165,2025-03-14,22:29:23,22.071546066808263,1.23,4.43,18 segundos,"1 horas, 23 minutos, 33 segundos",3195.013673289586
37.13139522740706,-8.539270952504081,2025-03-14,22:29:35,13.302713133349524,1.11,4.0,12 segundos,"1 horas, 23 minutos, 45 segundos",3208.316386422936
37.131418850710894,-8.539276565313806,2025-03-14,22:29:45,2.673502957573997,0.27,0.97,10 segundos,"1 horas, 23 minutos, 55 segundos",3210.98988938051
37.13140394496197,-8.539164102682818,2025-03-14,22:29:55,10.106700717984381,1.01,3.64,10 segundos,"1 horas, 24 minutos, 5 segundos",3221.0965900984943
37.13139884252795,-8.53920103021545,2025-03-14,22:30:05,3.32244675851458,0.33,1.19,10 segundos,"1 horas, 24 minutos, 15 segundos",3224.419036857009
37.13131737871088,-8.53912804793136,2025-03-14,22:30:15,11.131658276837243,1.11,4.0,10 segundos,"1 horas, 24 minutos, 25 segundos",3235.550695133846
37.131280047126914,-8.539165481547528,2025-03-14,22:30:31,5.3145104764343625,0.33,1.19,16 segundos,"1 horas, 24 minutos, 41 segundos",3240.8652056102806
37.13123615836094,-8.539164330139348,2025-03-14,22:30:45,4.881275462456737,0.35,1.26,14 segundos,"1 horas, 24 minutos, 55 segundos",3245.7464810727374
37.13118204905048,-8.539164451382359,2025-03-14,22:30:55,6.016690408333333,0.6,2.16,10 segundos,"1 horas, 25 minutos, 5 segundos",3251.763171481071
37.13140911628374,-8.539264297136654,2025-03-14,22:31:10,26.755283232050978,1.78,6.41,15 segundos,"1 horas, 25 minutos, 20 segundos",3278.518454713122
37.131413813109475,-8.5392669121899,2025-03-14,22:31:25,0.5714035657132904,0.04,0.14,15 segundos,"1 horas, 25 minutos, 35 segundos",3279.0898582788354
37.13142922807217,-8.539233850047149,2025-03-14,22:31:35,3.3953845539721557,0.34,1.22,10 segundos,"1 horas, 25 minutos, 45 segundos",3282.4852428328077
37.13142989668697,-8.53923283210016,2025-03-14,22:31:45,0.11692279233305433,0.01,0.04,10 segundos,"1 horas, 25 minutos, 55 segundos",3282.6021656251405
37.13142894359595,-8.539232963344462,2025-03-14,22:31:55,0.10661563917269544,0.01,0.04,10 segundos,"1 horas, 26 minutos, 5 segundos",3282.708781264313
37.131428814375944,-8.53923330293138,2025-03-14,22:32:05,0.03335776456512377,0.0,0.0,10 segundos,"1 horas, 26 minutos, 15 segundos",3282.7421390288782
37.13145000463659,-8.539141013979041,2025-03-14,22:32:15,8.513999090400242,0.85,3.06,10 segundos,"1 horas, 26 minutos, 25 segundos",3291.2561381192786
37.13150959453191,-8.539315165148569,2025-03-14,22:32:25,16.80043764172892,1.68,6.05,10 segundos,"1 horas, 26 minutos, 35 segundos",3308.0565757610075
37.13156698801166,-8.539379738904726,2025-03-14,22:32:35,8.573093256196127,0.86,3.1,10 segundos,"1 horas, 26 minutos, 45 segundos",3316.6296690172035
37.13159093993092,-8.539368712381021,2025-03-14,22:32:45,2.8370499208220545,0.28,1.01,10 segundos,"1 horas, 26 minutos, 55 segundos",3319.4667189380257
37.13159015983547,-8.5393646771905,2025-03-14,22:32:55,0.3680875849189701,0.04,0.14,10 segundos,"1 horas, 27 minutos, 5 segundos",3319.8348065229447
37.131589380669446,-8.539366121476528,2025-03-14,22:33:05,0.1545952261919535,0.02,0.07,10 segundos,"1 horas, 27 minutos, 15 segundos",3319.9894017491365
37.131626667378136,-8.53937504819824,2025-03-14,22:33:15,4.220939540259,0.42,1.51,10 segundos,"1 horas, 27 minutos, 25 segundos",3324.2103412893957
37.13147300935694,-8.539327414924621,2025-03-14,22:33:25,17.600067637548737,1.76,6.34,10 segundos,"1 horas, 27 minutos, 35 segundos",3341.8104089269445
37.13153581035193,-8.53934749228034,2025-03-14,22:33:35,7.206409184463617,0.72,2.59,10 segundos,"1 horas, 27 minutos, 45 segundos",3349.016818111408
37.131592046514406,-8.539354458622698,2025-03-14,22:33:45,6.28359773205995,0.63,2.27,10 segundos,"1 horas, 27 minutos, 55 segundos",3355.3004158434683
37.13143039971636,-8.539261675293321,2025-03-14,22:33:55,19.766911590158102,1.98,7.13,10 segundos,"1 horas, 28 minutos, 5 segundos",3375.0673274336264
37.131530004600656,-8.539396173537485,2025-03-14,22:34:05,16.273711360588994,1.63,5.87,10 segundos,"1 horas, 28 minutos, 15 segundos",3391.3410387942154
37.13160930825194,-8.53937417135611,2025-03-14,22:34:15,9.03130457493623,0.9,3.24,10 segundos,"1 horas, 28 minutos, 25 segundos",3400.3723433691516
37.13119921034051,-8.53911229089233,2025-03-14,22:34:25,51.17038872360731,5.12,18.43,10 segundos,"1 horas, 28 minutos, 35 segundos",3451.542732092759
37.13115625769944,-8.539082725829399,2025-03-14,22:34:35,5.448003605796533,0.54,1.94,10 segundos,"1 horas, 28 minutos, 45 segundos",3456.9907356985555
