Latitude,Longitude,Data,Hora
37.13121779189426,-8.539218903766711,2025-03-16,19:25:43
37.13119398115316,-8.539239961100453,2025-03-16,19:25:53
37.13130972380507,-8.539209473187846,2025-03-16,19:26:03
37.131278303274,-8.539188264349145,2025-03-16,19:26:13
37.13127979060674,-8.539187438314668,2025-03-16,19:26:23
37.13126540887511,-8.539213857224079,2025-03-16,19:26:33
37.13123534666088,-8.539265204127494,2025-03-16,19:26:43
37.13127983698763,-8.539210219369425,2025-03-16,19:26:53
37.13124104102734,-8.539234486360286,2025-03-16,19:27:03
37.13115501697465,-8.539350306508743,2025-03-16,19:27:13
37.13127115129801,-8.53926669758167,2025-03-16,19:27:23
37.131278838014886,-8.539218098921875,2025-03-16,19:27:33
37.13136501105423,-8.539157058412227,2025-03-16,19:27:43
37.13140921132656,-8.53919378950426,2025-03-16,19:27:53
37.13131414279293,-8.539170802028908,2025-03-16,19:28:03
37.131369127463785,-8.539170639623531,2025-03-16,19:28:13
37.13115316548736,-8.539081017073284,2025-03-16,19:28:23
37.131155002846754,-8.539082123657018,2025-03-16,19:28:33
37.13115625933445,-8.5390827364706,2025-03-16,19:28:43
37.13115624138752,-8.539082727696199,2025-03-16,19:28:53
37.13115624151378,-8.539082727772357,2025-03-16,19:29:03
37.13115624142494,-8.539082727728292,2025-03-16,19:29:13
37.13115624143247,-8.539082727732035,2025-03-16,19:29:23
37.13115624143148,-8.539082727731541,2025-03-16,19:29:33
37.13115624143136,-8.539082727731484,2025-03-16,19:29:53
37.13115624143136,-8.539082727731486,2025-03-16,19:30:03
37.13115624143137,-8.539082727731488,2025-03-16,19:30:13
37.13115624143137,-8.539082727731488,2025-03-16,19:30:23
37.13115624143137,-8.539082727731488,2025-03-16,19:30:33
37.13115624143137,-8.539082727731488,2025-03-16,19:30:43
37.13134006536158,-8.539162648682016,2025-03-16,19:30:53
37.13135679646876,-8.539225541748879,2025-03-16,19:31:03
37.131311303218645,-8.539225614114024,2025-03-16,19:31:13
37.131427318950806,-8.53924986091491,2025-03-16,19:31:23
37.1312810926738,-8.539161768174173,2025-03-16,19:31:43
37.13108866127281,-8.53930862675041,2025-03-16,19:31:53
37.13129259049011,-8.539130772668623,2025-03-16,19:32:03
37.13141815740348,-8.539047092207278,2025-03-16,19:32:14
37.13152256125893,-8.539017593775993,2025-03-16,19:32:27
37.131651926156,-8.538899906659763,2025-03-16,19:32:43
37.13167579880652,-8.538923491024736,2025-03-16,19:32:53
37.13172631004437,-8.538916322446811,2025-03-16,19:33:03
37.131745507259126,-8.538923693427106,2025-03-16,19:33:13
37.13175506521554,-8.539042291477598,2025-03-16,19:33:23
37.13185602673166,-8.539098710627977,2025-03-16,19:33:33
37.13196720915452,-8.539134217730874,2025-03-16,19:33:43
37.13205250250174,-8.539168467601307,2025-03-16,19:33:53
37.13213239206972,-8.539249335391535,2025-03-16,19:34:03
37.13220204497841,-8.539306290376315,2025-03-16,19:34:13
37.132269597245234,-8.539347873168541,2025-03-16,19:34:23
37.13222419889438,-8.539462772702114,2025-03-16,19:34:33
37.132270084024,-8.5395856889253,2025-03-16,19:34:43
37.13234606001418,-8.539670299253062,2025-03-16,19:34:53
37.13243938382809,-8.53972735655736,2025-03-16,19:35:03
37.1325049983841,-8.539831052167804,2025-03-16,19:35:13
37.132562215915605,-8.53990922827779,2025-03-16,19:35:23
37.13254820798919,-8.540032582849465,2025-03-16,19:35:33
37.13251297499991,-8.540174292127245,2025-03-16,19:35:43
37.13247892593768,-8.540283711881688,2025-03-16,19:35:53
37.132435451849446,-8.540383064356362,2025-03-16,19:36:03
37.132486353267005,-8.5404679725521,2025-03-16,19:36:13
37.13255123772199,-8.540458810653606,2025-03-16,19:36:23
37.13255213021568,-8.540458925626416,2025-03-16,19:36:33
37.132552514382205,-8.540456719569617,2025-03-16,19:36:43
37.1325473775668,-8.540459043921683,2025-03-16,19:36:53
37.13251410246623,-8.540421698818399,2025-03-16,19:37:03
37.132485257655375,-8.540392160271347,2025-03-16,19:37:13
37.13248027590903,-8.540445949290882,2025-03-16,19:37:23
37.132211701432574,-8.54087149004586,2025-03-16,19:37:33
37.13230718396337,-8.54070109316012,2025-03-16,19:37:43
37.13231827754497,-8.540735306450262,2025-03-16,19:37:53
37.13237601442424,-8.540875707986824,2025-03-16,19:38:03
37.13246792968712,-8.540997148938756,2025-03-16,19:38:13
37.13252994328121,-8.541011666584959,2025-03-16,19:38:23
37.13261183488741,-8.54105014966096,2025-03-16,19:38:33
37.13270175783995,-8.541076639682833,2025-03-16,19:38:43
37.13279774762009,-8.541098277968713,2025-03-16,19:38:53
37.13287371704268,-8.541119016236474,2025-03-16,19:39:03
37.13298737613441,-8.541163864105327,2025-03-16,19:39:13
37.13299340431036,-8.541185768977838,2025-03-16,19:39:23
37.133014000792464,-8.54119659487884,2025-03-16,19:39:33
37.13311228789279,-8.541214565626664,2025-03-16,19:39:43
37.133192009953206,-8.541250594288563,2025-03-16,19:39:53
37.133292293768086,-8.541267065853981,2025-03-16,19:40:03
37.13330171865202,-8.541275915941874,2025-03-16,19:40:13
37.13335502572925,-8.5412711990671,2025-03-16,19:40:23
37.13343923130896,-8.541295894889242,2025-03-16,19:40:33
37.13359333288819,-8.541281788466357,2025-03-16,19:40:43
37.133642275471104,-8.54115281778372,2025-03-16,19:40:53
37.133695773071,-8.541018723619095,2025-03-16,19:41:03
37.13369710690031,-8.540900931171054,2025-03-16,19:41:13
37.13373017788476,-8.5408018145757,2025-03-16,19:41:23
37.13375946135134,-8.540674276065657,2025-03-16,19:41:33
37.13376990643122,-8.540551738627714,2025-03-16,19:41:43
37.13382403943197,-8.540415471952588,2025-03-16,19:41:53
37.13382916005279,-8.540324068900924,2025-03-16,19:42:03
37.13384304776392,-8.540159985653116,2025-03-16,19:42:13
37.13384955510286,-8.540059102584301,2025-03-16,19:42:23
37.13387373133152,-8.539940359016269,2025-03-16,19:42:33
37.13389997702713,-8.539792227504273,2025-03-16,19:42:43
37.13391651894709,-8.539655264321249,2025-03-16,19:42:53
37.13392284470329,-8.539517371420837,2025-03-16,19:43:03
37.13391188141591,-8.539390248592724,2025-03-16,19:43:13
37.13391165369556,-8.539255792210337,2025-03-16,19:43:23
37.13391831690875,-8.539161479330332,2025-03-16,19:43:33
37.133919831481,-8.53907639098572,2025-03-16,19:43:43
37.133920329055805,-8.539042898334342,2025-03-16,19:43:53
37.13396599011374,-8.538964381787324,2025-03-16,19:44:03
37.133956650467134,-8.538851972552903,2025-03-16,19:44:13
37.13394543790385,-8.538685858788662,2025-03-16,19:44:23
37.13383976956867,-8.538569830273524,2025-03-16,19:44:33
37.13370691653535,-8.538518022554392,2025-03-16,19:44:43
37.13361935074046,-8.538567739490407,2025-03-16,19:44:53
37.13356924785892,-8.5386288345362,2025-03-16,19:45:03
37.13351899592559,-8.538631672371991,2025-03-16,19:45:13
37.13341767042596,-8.538644751733921,2025-03-16,19:45:23
37.133291029144985,-8.538551431621839,2025-03-16,19:45:33
37.133207078121686,-8.53850421636488,2025-03-16,19:45:43
37.13314055776858,-8.538541149902592,2025-03-16,19:45:53
37.13305328170467,-8.53850393959998,2025-03-16,19:46:03
37.132938915317496,-8.538493452759324,2025-03-16,19:46:13
37.13285908183056,-8.538519997266445,2025-03-16,19:46:23
37.132769999797794,-8.538469056712197,2025-03-16,19:46:33
37.13264636519855,-8.538454566480649,2025-03-16,19:46:43
37.132589553661965,-8.538455073839074,2025-03-16,19:46:53
37.13255194560132,-8.538466549417167,2025-03-16,19:47:03
37.132448640748336,-8.538387442068657,2025-03-16,19:47:13
37.13237727529104,-8.538339150793655,2025-03-16,19:47:23
37.1322894477632,-8.538300704777043,2025-03-16,19:47:33
37.132215219329545,-8.538377349587893,2025-03-16,19:47:43
37.13210615961447,-8.53842721070377,2025-03-16,19:47:53
37.13202715382244,-8.538529950932285,2025-03-16,19:48:03
37.13194834429405,-8.538599666370974,2025-03-16,19:48:13
37.13187146004626,-8.538659317883294,2025-03-16,19:48:23
37.13178019219045,-8.53871799978969,2025-03-16,19:48:33
37.13170382528413,-8.538791887646363,2025-03-16,19:48:43
37.13162707551141,-8.53881569846014,2025-03-16,19:48:53
37.131477475449216,-8.538916564885977,2025-03-16,19:49:03
37.131471266761054,-8.53890086377144,2025-03-16,19:49:13
37.13147037456469,-8.539051122843722,2025-03-16,19:49:23
37.13135819840253,-8.539124093629535,2025-03-16,19:49:33
37.13130223151726,-8.539088265842608,2025-03-16,19:49:43
37.131261080538174,-8.539018509917462,2025-03-16,19:49:53
37.13130315038756,-8.539096274916986,2025-03-16,19:50:03
37.13135749429107,-8.539208274890571,2025-03-16,19:50:15
37.13140460956085,-8.539143721644182,2025-03-16,19:50:33
37.13142314234093,-8.539193658915627,2025-03-16,19:50:43
37.1314063950716,-8.539183633684196,2025-03-16,19:50:53
37.13140369031406,-8.539190882692363,2025-03-16,19:51:03
37.131345933692,-8.539199498243576,2025-03-16,19:51:13
37.13141863686633,-8.539191586549194,2025-03-16,19:51:23
37.13142550268899,-8.53919101418166,2025-03-16,19:51:33
37.13139837879437,-8.5391733201981,2025-03-16,19:51:43
37.13143305664657,-8.539298459714582,2025-03-16,19:51:53
37.13143191405735,-8.539294699273263,2025-03-16,19:52:03
37.13146328232336,-8.539320126943018,2025-03-16,19:52:13
37.131464325961495,-8.539321364431949,2025-03-16,19:52:23
37.13146507421921,-8.539321666488313,2025-03-16,19:52:33
37.13150875191754,-8.539384664244324,2025-03-16,19:52:43
37.13146775126127,-8.539325165936543,2025-03-16,19:52:53
37.13150605441776,-8.539381595092767,2025-03-16,19:53:03
37.131419625917765,-8.539220108426898,2025-03-16,19:53:13
37.13142562903904,-8.539231270728072,2025-03-16,19:53:23
37.13142694978542,-8.539236172708415,2025-03-16,19:53:33
37.13153673449872,-8.539339167793564,2025-03-16,19:53:43
37.13119200949299,-8.539111495018446,2025-03-16,19:53:53
37.13115387131808,-8.539082060945274,2025-03-16,19:54:03
37.13115501572194,-8.539081978814695,2025-03-16,19:54:13
37.13115646709849,-8.539082861286841,2025-03-16,19:54:23
37.13115620906952,-8.53908270870934,2025-03-16,19:54:33
37.13115624468264,-8.539082729635883,2025-03-16,19:54:43
37.131156241485066,-8.539082727762938,2025-03-16,19:54:53
37.13115624138921,-8.539082727706795,2025-03-16,19:55:03
37.13115624143409,-8.53908272773308,2025-03-16,19:55:13
37.13115624143113,-8.539082727731348,2025-03-16,19:55:23
37.1311562414314,-8.539082727731504,2025-03-16,19:55:33
37.13115624143136,-8.539082727731486,2025-03-16,19:55:43
37.13115624143137,-8.539082727731488,2025-03-16,19:55:53
37.13115624143137,-8.539082727731488,2025-03-16,19:56:03
37.13115624143137,-8.539082727731488,2025-03-16,19:56:13
37.13115624143137,-8.539082727731488,2025-03-16,19:56:23
37.13115624143137,-8.539082727731488,2025-03-16,19:56:33
37.13115624143137,-8.539082727731488,2025-03-16,19:56:43
37.13115624143137,-8.539082727731488,2025-03-16,19:56:53
37.13115624143137,-8.539082727731488,2025-03-16,19:57:03
37.13115624143137,-8.539082727731488,2025-03-16,19:57:13
37.13115624143137,-8.539082727731488,2025-03-16,19:57:23
37.13115624143137,-8.539082727731488,2025-03-16,19:57:33
37.13115624143137,-8.539082727731488,2025-03-16,19:57:43
37.13115624143137,-8.539082727731488,2025-03-16,19:57:53
37.13115624143137,-8.539082727731488,2025-03-16,19:58:03
37.13115624143137,-8.539082727731488,2025-03-16,19:58:13
37.13115624143137,-8.539082727731488,2025-03-16,19:58:23
37.13115624143137,-8.539082727731488,2025-03-16,19:58:33
37.13115624143137,-8.539082727731488,2025-03-16,19:58:43
37.13115624143137,-8.539082727731488,2025-03-16,19:58:53
37.13115624143137,-8.539082727731488,2025-03-16,19:59:03
37.13115624143137,-8.539082727731488,2025-03-16,19:59:13
37.13115624143137,-8.539082727731488,2025-03-16,19:59:23
37.13115624143137,-8.539082727731488,2025-03-16,19:59:33
37.13115624143137,-8.539082727731488,2025-03-16,19:59:43
37.13115624143137,-8.539082727731488,2025-03-16,19:59:53
37.13115624143137,-8.539082727731488,2025-03-16,20:00:03
37.13115624143137,-8.539082727731488,2025-03-16,20:00:13
37.13115624143137,-8.539082727731488,2025-03-16,20:00:23
37.13115624143137,-8.539082727731488,2025-03-16,20:00:33
37.13115624143137,-8.539082727731488,2025-03-16,20:00:43
37.13115624143137,-8.539082727731488,2025-03-16,20:00:53
37.13115624143137,-8.539082727731488,2025-03-16,20:01:03
37.13115624143137,-8.539082727731488,2025-03-16,20:01:13
37.13115624143137,-8.539082727731488,2025-03-16,20:01:23
37.13115624143137,-8.539082727731488,2025-03-16,20:01:33
37.13115624143137,-8.539082727731488,2025-03-16,20:01:43
37.13115624143137,-8.539082727731488,2025-03-16,20:01:53
37.13115624143137,-8.539082727731488,2025-03-16,20:02:03
37.13115624143137,-8.539082727731488,2025-03-16,20:02:13
37.13115624143137,-8.539082727731488,2025-03-16,20:02:23
37.13115624143137,-8.539082727731488,2025-03-16,20:02:33
37.13115624143137,-8.539082727731488,2025-03-16,20:02:43
37.13115624143137,-8.539082727731488,2025-03-16,20:02:53
37.13115624143137,-8.539082727731488,2025-03-16,20:03:03
37.13115624143137,-8.539082727731488,2025-03-16,20:03:13
37.13115624143137,-8.539082727731488,2025-03-16,20:03:23
37.13115624143137,-8.539082727731488,2025-03-16,20:03:33
37.13115624143137,-8.539082727731488,2025-03-16,20:03:43
37.13115624143137,-8.539082727731488,2025-03-16,20:03:53
37.13115624143137,-8.539082727731488,2025-03-16,20:04:03
37.13115632204167,-8.539082525623602,2025-03-16,20:04:13
37.13115628552051,-8.539082617190227,2025-03-16,20:04:23
37.13115624044071,-8.539082730215293,2025-03-16,20:04:33
37.13115624144772,-8.539082727690506,2025-03-16,20:04:43
37.13115624142572,-8.539082727745654,2025-03-16,20:04:53
37.13115624143175,-8.539082727730548,2025-03-16,20:05:03
37.13115624143187,-8.539082727730241,2025-03-16,20:05:13
37.13115624143137,-8.539082727731495,2025-03-16,20:05:23
37.13115624143137,-8.539082727731495,2025-03-16,20:05:33
37.13115624143137,-8.539082727731486,2025-03-16,20:05:43
37.13115624143137,-8.539082727731488,2025-03-16,20:05:53
37.13115624143137,-8.539082727731488,2025-03-16,20:06:03
37.13115624143137,-8.539082727731488,2025-03-16,20:06:13
37.13115624143137,-8.539082727731488,2025-03-16,20:06:23
37.13115624143137,-8.539082727731488,2025-03-16,20:06:33
37.13115624143137,-8.539082727731488,2025-03-16,20:06:43
37.13115624143137,-8.539082727731488,2025-03-16,20:06:53
37.13128562939266,-8.539151365733426,2025-03-16,20:07:03
37.13128542246895,-8.53915166757573,2025-03-16,20:07:13
37.13129154245954,-8.539180565703948,2025-03-16,20:07:23
37.13129186298063,-8.53918060636789,2025-03-16,20:07:33
37.13133292082748,-8.539170699915728,2025-03-16,20:07:43
37.13133152342244,-8.539170819097388,2025-03-16,20:07:53
37.13128340140419,-8.539200969925343,2025-03-16,20:08:03
37.131253153741405,-8.539229575371367,2025-03-16,20:08:13
37.13129077178259,-8.539209285820226,2025-03-16,20:08:23
37.13134894440109,-8.53915063689217,2025-03-16,20:08:33
37.1312754247202,-8.539198811058132,2025-03-16,20:08:43
37.131308961820025,-8.539189754491797,2025-03-16,20:08:53
37.13130695422731,-8.53921423836665,2025-03-16,20:09:03
37.131320487446,-8.539192104501785,2025-03-16,20:09:13
37.13131858251393,-8.53920110535669,2025-03-16,20:09:23
37.131343420737,-8.539175913876132,2025-03-16,20:09:33
37.13134420177711,-8.539178046404906,2025-03-16,20:09:43
37.13132834065078,-8.539114522825034,2025-03-16,20:09:53
37.131333762133856,-8.539102992100881,2025-03-16,20:10:03
37.13133084822124,-8.539141685876595,2025-03-16,20:10:13
37.13133167178679,-8.53914229493647,2025-03-16,20:10:23
37.13124692714617,-8.539234696679147,2025-03-16,20:10:33
37.13136382302503,-8.539134444550283,2025-03-16,20:10:43
37.1312667613382,-8.539203271082508,2025-03-16,20:10:53
37.1312743620808,-8.539205419513642,2025-03-16,20:11:03
37.13131794265697,-8.539182567488535,2025-03-16,20:11:13
37.13134977730836,-8.539177452860557,2025-03-16,20:11:23
37.13127162683969,-8.539232614698903,2025-03-16,20:11:33
37.1313129054134,-8.539197954789287,2025-03-16,20:11:43
37.13129505612215,-8.539207701159821,2025-03-16,20:11:53
37.13129619851415,-8.539183767361726,2025-03-16,20:12:03
37.1312750217217,-8.539208635611729,2025-03-16,20:12:13
37.13126916200745,-8.539199571205936,2025-03-16,20:12:23
37.13127397883527,-8.539196871026709,2025-03-16,20:12:33
37.13132209799299,-8.539182472533861,2025-03-16,20:12:43
37.13132146819464,-8.539182409358729,2025-03-16,20:12:53
37.131269772459326,-8.53922701761985,2025-03-16,20:13:03
37.1312875792154,-8.53920603666027,2025-03-16,20:13:13
37.131289655559925,-8.53920555202019,2025-03-16,20:13:23
37.13132875792641,-8.53917468826535,2025-03-16,20:13:33
37.13131559679696,-8.539201929519477,2025-03-16,20:13:43
37.13128692029076,-8.539198308702685,2025-03-16,20:13:53
37.131299848167245,-8.539178546033927,2025-03-16,20:14:03
37.1312794099615,-8.539200213265005,2025-03-16,20:14:13
37.13128321757026,-8.539223193539852,2025-03-16,20:14:23
37.13127669897796,-8.539229046896697,2025-03-16,20:14:33
37.13127728923486,-8.53922948178838,2025-03-16,20:14:43
37.13127662009413,-8.539241841537244,2025-03-16,20:14:53
37.1313161027476,-8.539182679262703,2025-03-16,20:15:03
37.13130286993,-8.539195823683194,2025-03-16,20:15:13
37.13129252074282,-8.539192072740834,2025-03-16,20:15:23
37.13127521587799,-8.539216907183036,2025-03-16,20:15:33
37.13137293046456,-8.539158061213595,2025-03-16,20:15:43
37.13133938250154,-8.53917693954997,2025-03-16,20:15:53
37.13134102910925,-8.539182448503883,2025-03-16,20:16:03
37.13131694366216,-8.539190563712042,2025-03-16,20:16:13
37.13130033008061,-8.539192954615444,2025-03-16,20:16:23
37.13131251337432,-8.539202484728348,2025-03-16,20:16:33
37.13134506460983,-8.539200920509861,2025-03-16,20:16:43
37.13134057441745,-8.539207365025451,2025-03-16,20:16:53
37.1313109522945,-8.53921430795046,2025-03-16,20:17:03
37.1313033310838,-8.53921204895055,2025-03-16,20:17:13
37.1313650435047,-8.539203956424496,2025-03-16,20:17:23
37.13136754075797,-8.539209630950023,2025-03-16,20:17:33
37.131390380503895,-8.539193224035458,2025-03-16,20:17:43
37.13141480786957,-8.539189947025175,2025-03-16,20:17:53
37.131378066053045,-8.539159325643066,2025-03-16,20:18:03
37.13136074739759,-8.539167239507636,2025-03-16,20:18:13
37.13137901474292,-8.539149963815895,2025-03-16,20:18:23
37.13134122798094,-8.539177671006106,2025-03-16,20:18:33
37.13134686612653,-8.539192392574854,2025-03-16,20:18:43
37.1313818077278,-8.539164252724905,2025-03-16,20:18:53
37.13132988563063,-8.539163344493392,2025-03-16,20:19:03
37.13132722996974,-8.539190959358082,2025-03-16,20:19:13
37.13136445159586,-8.539175810974918,2025-03-16,20:19:23
37.13138823250506,-8.53919332137026,2025-03-16,20:19:33
37.13138287038842,-8.539178775226814,2025-03-16,20:19:43
37.13136161294049,-8.539166202707937,2025-03-16,20:19:53
37.13136970667328,-8.539163326796142,2025-03-16,20:20:03
37.13135137916501,-8.5391477201386,2025-03-16,20:20:13
37.131340944539865,-8.539141293886434,2025-03-16,20:20:23
37.13134280990794,-8.539195752423288,2025-03-16,20:20:33
37.13134821376962,-8.539197781314515,2025-03-16,20:20:43
37.13132776463253,-8.539195760763137,2025-03-16,20:20:53
37.1313265198843,-8.539195219846508,2025-03-16,20:21:03
37.13133151492228,-8.539207043407774,2025-03-16,20:21:13
37.13138303203751,-8.53923335236636,2025-03-16,20:21:23
37.13135098473269,-8.539227381299712,2025-03-16,20:21:33
37.13133838547238,-8.539218227565172,2025-03-16,20:21:43
37.13133906785314,-8.539191782182883,2025-03-16,20:21:53
37.13133161048933,-8.53924499865925,2025-03-16,20:22:03
37.131316465074896,-8.539225291308407,2025-03-16,20:22:13
37.1313368661792,-8.53921167231296,2025-03-16,20:22:23
37.13133956030936,-8.539218732071951,2025-03-16,20:22:33
37.13136061259334,-8.539219368100081,2025-03-16,20:22:43
37.13134762821641,-8.539235933470248,2025-03-16,20:22:53
37.13134783596725,-8.53917484121685,2025-03-16,20:23:03
37.13133102753368,-8.539168821804228,2025-03-16,20:23:13
37.131334018924576,-8.539202580374571,2025-03-16,20:23:23
37.1313276462588,-8.53921219589276,2025-03-16,20:23:33
37.13135426197059,-8.539184710628168,2025-03-16,20:23:43
37.13139548903106,-8.539187390045635,2025-03-16,20:23:53
37.13136902802501,-8.539189780215034,2025-03-16,20:24:03
37.13138686764236,-8.53918869247472,2025-03-16,20:24:13
37.131363132462575,-8.539197325662002,2025-03-16,20:24:23
37.13131572400985,-8.539216849389494,2025-03-16,20:24:33
37.13137234245011,-8.539182031331011,2025-03-16,20:24:43
37.13135851506572,-8.539234172014298,2025-03-16,20:24:53
37.13135763578086,-8.539208759083403,2025-03-16,20:25:03
37.13135223920699,-8.539177971789119,2025-03-16,20:25:13
37.131346516292304,-8.53920667517365,2025-03-16,20:25:23
37.13132588865923,-8.539221761132023,2025-03-16,20:25:33
37.13132885793439,-8.539214644761243,2025-03-16,20:25:43
37.1313203301544,-8.53924563127451,2025-03-16,20:25:53
37.13131409302124,-8.539261762867525,2025-03-16,20:26:03
37.13132964567162,-8.539241382510436,2025-03-16,20:26:13
37.13133625114459,-8.539224455468096,2025-03-16,20:26:23
37.131327856002045,-8.539209092259025,2025-03-16,20:26:33
37.13132931527963,-8.539186015345424,2025-03-16,20:26:43
37.13133862971865,-8.539170735074762,2025-03-16,20:26:53
37.13132376680553,-8.539180388445597,2025-03-16,20:27:03
37.13132943152635,-8.539205011514136,2025-03-16,20:27:13
37.13130270812098,-8.539195028570266,2025-03-16,20:27:23
37.13133607601486,-8.539195844269058,2025-03-16,20:27:33
37.13133712427124,-8.53919133737102,2025-03-16,20:27:43
37.13135287396473,-8.539199920792367,2025-03-16,20:27:53
37.13133003947713,-8.53921513411384,2025-03-16,20:28:03
37.1313503462982,-8.53919614022246,2025-03-16,20:28:13
37.13131512595078,-8.539212882571134,2025-03-16,20:28:23
37.13131803166972,-8.539214147550144,2025-03-16,20:28:33
37.13135943475386,-8.539187500596567,2025-03-16,20:28:43
37.131369153521725,-8.539180298916024,2025-03-16,20:28:53
37.13134416319591,-8.539184257224504,2025-03-16,20:29:03
37.13134567389794,-8.539179328153704,2025-03-16,20:29:13
37.13135279965014,-8.539186661275703,2025-03-16,20:29:23
37.13134304514664,-8.539183270464784,2025-03-16,20:29:33
37.1313725870038,-8.539200909515614,2025-03-16,20:29:43
37.13133962009345,-8.539179887762977,2025-03-16,20:29:53
37.13134215098658,-8.53915528908476,2025-03-16,20:30:03
37.13132948141515,-8.539176584714204,2025-03-16,20:30:13
37.131324908509136,-8.53921069182345,2025-03-16,20:30:23
37.13133087835916,-8.53920050632433,2025-03-16,20:30:33
37.13134963225829,-8.539208033367917,2025-03-16,20:30:43
37.131327289538376,-8.539184682376586,2025-03-16,20:30:53
37.13133435969227,-8.539187110292028,2025-03-16,20:31:03
37.13133502952527,-8.539187880842439,2025-03-16,20:31:13
37.13133819991696,-8.539178356365948,2025-03-16,20:31:23
37.13132175734153,-8.53918777809769,2025-03-16,20:31:33
37.13131281936357,-8.539186414374079,2025-03-16,20:31:43
37.13134520821068,-8.539193731236518,2025-03-16,20:31:53
37.13134299561449,-8.539188106493091,2025-03-16,20:32:03
37.131330877217046,-8.539187374561639,2025-03-16,20:32:13
37.1313228698856,-8.539190435914211,2025-03-16,20:32:23
37.13131584034912,-8.53920614277633,2025-03-16,20:32:33
37.13132006831797,-8.539171077094126,2025-03-16,20:32:43
37.13136287379242,-8.53917843288933,2025-03-16,20:32:53
37.13131532664095,-8.539173645148123,2025-03-16,20:33:03
37.131317020099246,-8.53919885908517,2025-03-16,20:33:13
37.13135966291972,-8.539172356499476,2025-03-16,20:33:23
37.13132971900932,-8.539221220982201,2025-03-16,20:33:33
37.13132552062196,-8.539214937569087,2025-03-16,20:33:43
37.13133357716463,-8.539184224651098,2025-03-16,20:33:53
37.13132105791793,-8.539194208866066,2025-03-16,20:34:03
37.1313266948389,-8.539186234112357,2025-03-16,20:34:13
37.13131254516234,-8.539187138003603,2025-03-16,20:34:23
37.13130783531621,-8.539177843333032,2025-03-16,20:34:33
37.13131296969106,-8.539178299449924,2025-03-16,20:34:43
37.13130829047202,-8.53917743374652,2025-03-16,20:34:53
37.13134177822364,-8.539165721572472,2025-03-16,20:35:03
37.13130745291265,-8.53921296229815,2025-03-16,20:35:13
37.13130834091179,-8.539223491165588,2025-03-16,20:35:23
37.1313099863323,-8.53921785974103,2025-03-16,20:35:33
37.13132996011228,-8.539191650116967,2025-03-16,20:35:43
37.13136291284084,-8.539195855496738,2025-03-16,20:35:53
37.131336901452926,-8.539201002275599,2025-03-16,20:36:03
37.13131775817913,-8.539172130230686,2025-03-16,20:36:13
37.13133863258221,-8.539171386674584,2025-03-16,20:36:23
37.1313645349707,-8.539172330447224,2025-03-16,20:36:33
37.13134690510388,-8.539183724428025,2025-03-16,20:36:43
37.131324643447904,-8.539185472686448,2025-03-16,20:36:53
37.13131086935277,-8.539196721845817,2025-03-16,20:37:03
37.13133016385528,-8.539190934391703,2025-03-16,20:37:13
37.13133836659728,-8.539190092156822,2025-03-16,20:37:23
37.13130739682994,-8.539227088416379,2025-03-16,20:37:33
37.13129338465024,-8.539238566617929,2025-03-16,20:37:43
37.13133371413168,-8.539211661698715,2025-03-16,20:37:53
37.1313012093342,-8.539223851053665,2025-03-16,20:38:03
37.1313177137524,-8.539220762908647,2025-03-16,20:38:13
37.13134443881733,-8.539213827012633,2025-03-16,20:38:23
37.13134621445069,-8.539190217807814,2025-03-16,20:38:33
37.13133364131166,-8.539205161129662,2025-03-16,20:38:43
37.13131926954081,-8.539188407847243,2025-03-16,20:38:53
37.131356277542,-8.539190072067903,2025-03-16,20:39:03
37.1312796296384,-8.539214155325947,2025-03-16,20:39:13
37.13136288214909,-8.53922960607453,2025-03-16,20:39:23
37.13134532390759,-8.539210920081311,2025-03-16,20:39:33
37.13131782804848,-8.53922207488616,2025-03-16,20:39:43
37.1313177648856,-8.539215323325244,2025-03-16,20:39:53
37.13134914678351,-8.539209911005562,2025-03-16,20:40:03
37.13136446642613,-8.539210799625524,2025-03-16,20:40:13
37.131283606700144,-8.53924235553465,2025-03-16,20:40:23
37.13127708889128,-8.539254842367523,2025-03-16,20:40:33
37.13132899191073,-8.539231029354871,2025-03-16,20:40:43
37.13128741939192,-8.539224191822472,2025-03-16,20:40:53
37.13127053437952,-8.539227432500056,2025-03-16,20:41:03
37.13127253652656,-8.539219751471439,2025-03-16,20:41:13
37.13131275668026,-8.53921311728293,2025-03-16,20:41:23
37.13130396316478,-8.539204833422598,2025-03-16,20:41:33
37.13130006694861,-8.53921048928897,2025-03-16,20:41:43
37.13136467333601,-8.539199306694341,2025-03-16,20:41:53
37.13134633421922,-8.539205397427127,2025-03-16,20:42:03
37.131292093414224,-8.53924690523937,2025-03-16,20:42:13
37.13130208132601,-8.539233611576197,2025-03-16,20:42:23
37.13130671863527,-8.539196500554224,2025-03-16,20:42:33
37.13130984778954,-8.539191450752716,2025-03-16,20:42:43
37.13133737265934,-8.53921464659852,2025-03-16,20:42:53
37.13134852912606,-8.539213164237022,2025-03-16,20:43:03
37.131310304994805,-8.539221020916607,2025-03-16,20:43:13
37.131311277707496,-8.539217849384162,2025-03-16,20:43:23
37.13128157417859,-8.539217328431931,2025-03-16,20:43:33
37.13129586559273,-8.539218372012565,2025-03-16,20:43:43
37.131313591353134,-8.539222231560395,2025-03-16,20:43:53
37.13135630206877,-8.53919357451125,2025-03-16,20:44:03
37.13131403919731,-8.539202628047986,2025-03-16,20:44:13
37.13131405204987,-8.539196172469673,2025-03-16,20:44:23
37.13132218903324,-8.539209190770439,2025-03-16,20:44:33
37.131376738777846,-8.539222074379655,2025-03-16,20:44:43
37.13133208847721,-8.53921066228525,2025-03-16,20:44:53
37.13129832984639,-8.539237229734164,2025-03-16,20:45:03
37.13130805096542,-8.539220272789954,2025-03-16,20:45:13
37.13133339783439,-8.539214975166438,2025-03-16,20:45:23
37.131334623929554,-8.539206311225074,2025-03-16,20:45:33
37.1313090474376,-8.53922793364007,2025-03-16,20:45:43
37.13130750394377,-8.53923089182552,2025-03-16,20:45:53
37.13130899734308,-8.539219026158502,2025-03-16,20:46:03
37.131308538084255,-8.539213479150636,2025-03-16,20:46:13
37.13128834953515,-8.539233349953026,2025-03-16,20:46:23
37.13126316636183,-8.539238287517248,2025-03-16,20:46:33
37.13130425676238,-8.53923714769238,2025-03-16,20:46:43
37.13132710330194,-8.539213889312988,2025-03-16,20:46:53
37.13129738008916,-8.539217882383827,2025-03-16,20:47:03
37.13137412215414,-8.5392314225821,2025-03-16,20:47:13
37.13135060648653,-8.53920525078476,2025-03-16,20:47:23
37.131322347635454,-8.539193751865131,2025-03-16,20:47:33
37.13133427754149,-8.539185246752428,2025-03-16,20:47:43
37.13134604652925,-8.539194082447924,2025-03-16,20:47:53
37.13134601431288,-8.539224805528248,2025-03-16,20:48:03
37.13130605419144,-8.53925510601,2025-03-16,20:48:13
37.13130498215519,-8.539272497609927,2025-03-16,20:48:23
37.13132735118983,-8.53918689077833,2025-03-16,20:48:33
37.13133912402088,-8.539160374784247,2025-03-16,20:48:43
37.13135170060308,-8.539215768622839,2025-03-16,20:48:53
37.13135934863581,-8.539222876806342,2025-03-16,20:49:03
37.13137649320871,-8.539221760554907,2025-03-16,20:49:13
37.13131420126593,-8.53922448353926,2025-03-16,20:49:23
37.1313061633496,-8.539247225274218,2025-03-16,20:49:33
37.131355885001405,-8.539215282973244,2025-03-16,20:49:43
37.13132818727982,-8.539212551738295,2025-03-16,20:49:53
37.13127042370486,-8.539237254041126,2025-03-16,20:50:03
37.13131809715677,-8.539213020993849,2025-03-16,20:50:13
37.13131924144142,-8.539221835723383,2025-03-16,20:50:23
37.131328040122746,-8.539212731837626,2025-03-16,20:50:33
37.13134153677202,-8.539224613001629,2025-03-16,20:50:43
37.13130568998942,-8.539212954301542,2025-03-16,20:50:53
37.131331156441966,-8.539198204658382,2025-03-16,20:51:03
37.1313532478467,-8.539183645095454,2025-03-16,20:51:13
37.13132367579772,-8.539221185877281,2025-03-16,20:51:23
37.1313140268171,-8.539235563212417,2025-03-16,20:51:33
37.1313279571439,-8.539231872707358,2025-03-16,20:51:43
37.131324073106605,-8.539235370813428,2025-03-16,20:51:53
37.1313081418394,-8.539237162945684,2025-03-16,20:52:03
37.13131945361706,-8.53922876993886,2025-03-16,20:52:13
37.1313260768333,-8.539230805856498,2025-03-16,20:52:23
37.13134359821355,-8.53920485435973,2025-03-16,20:52:33
37.13131195980564,-8.539223209732587,2025-03-16,20:52:43
37.13130485255269,-8.53922952706674,2025-03-16,20:52:53
37.13130517489407,-8.539204244480795,2025-03-16,20:53:03
37.13133665097044,-8.539202692979213,2025-03-16,20:53:13
37.13137274912948,-8.539206592380433,2025-03-16,20:53:23
37.1313697196255,-8.539224817407524,2025-03-16,20:53:33
37.13133380805723,-8.539221953920242,2025-03-16,20:53:43
37.13132246208199,-8.539219066308865,2025-03-16,20:53:53
37.13133192381861,-8.53922771668487,2025-03-16,20:54:03
37.13133218598208,-8.539226441029342,2025-03-16,20:54:13
37.13132157253702,-8.539230212500316,2025-03-16,20:54:23
37.13128193301152,-8.53923894988708,2025-03-16,20:54:33
37.13127353135493,-8.539242383969906,2025-03-16,20:54:43
37.13127914374397,-8.539221525196309,2025-03-16,20:54:53
37.13129347277851,-8.539233086728768,2025-03-16,20:55:03
37.13131792223528,-8.539224992787583,2025-03-16,20:55:13
37.13131882732297,-8.539226560138108,2025-03-16,20:55:23
37.1313125692791,-8.5392351985183,2025-03-16,20:55:33
37.131270050684265,-8.539240042344133,2025-03-16,20:55:43
37.13132036246918,-8.539210557182367,2025-03-16,20:55:53
37.13132990862768,-8.539211959165756,2025-03-16,20:56:03
37.13131438636947,-8.539206365955177,2025-03-16,20:56:13
37.13131361316342,-8.539193092624348,2025-03-16,20:56:23
37.13133298611673,-8.539197927358797,2025-03-16,20:56:33
37.13131536772489,-8.539207764720565,2025-03-16,20:56:43
37.13131426038629,-8.539211249564262,2025-03-16,20:56:53
37.13133007029792,-8.539221134287622,2025-03-16,20:57:03
37.13132164010084,-8.53922422605171,2025-03-16,20:57:13
37.13130613733811,-8.539207407523014,2025-03-16,20:57:23
37.13130167627416,-8.539204363070882,2025-03-16,20:57:33
37.13130246945144,-8.539221580260042,2025-03-16,20:57:43
37.13130701373083,-8.539224302496468,2025-03-16,20:57:53
37.131315396834125,-8.539214409182422,2025-03-16,20:58:03
37.13127648587655,-8.539203647890405,2025-03-16,20:58:13
37.13129192387331,-8.539209063594607,2025-03-16,20:58:23
37.13132684218678,-8.53924046984784,2025-03-16,20:58:33
37.13130446912875,-8.539230086507922,2025-03-16,20:58:43
37.131327007803854,-8.539219894393131,2025-03-16,20:58:53
37.13130212518121,-8.539224342989115,2025-03-16,20:59:03
37.13139332322069,-8.539239570385789,2025-03-16,20:59:13
37.13136179067951,-8.539210640940208,2025-03-16,20:59:23
37.131319335143615,-8.539234809852399,2025-03-16,20:59:33
37.13131748741374,-8.539239955257624,2025-03-16,20:59:43
37.13129956597361,-8.539218336843557,2025-03-16,20:59:53
37.13129371276676,-8.539209342028004,2025-03-16,21:00:03
37.13135353248157,-8.539229071451931,2025-03-16,21:00:13
37.13137749610178,-8.53922819565209,2025-03-16,21:00:23
37.13134395021914,-8.539218801365765,2025-03-16,21:00:33
37.1313493606793,-8.539207196314186,2025-03-16,21:00:43
37.131352658066646,-8.539210802227558,2025-03-16,21:00:53
37.13130375278143,-8.539200540610256,2025-03-16,21:01:03
37.131308286982,-8.539221218607999,2025-03-16,21:01:13
37.13132160259694,-8.539230544318958,2025-03-16,21:01:23
37.13131500120855,-8.53924529842461,2025-03-16,21:01:33
37.13131863290343,-8.539234902600933,2025-03-16,21:01:43
37.131313159906384,-8.53922595621568,2025-03-16,21:01:53
37.131361747207016,-8.539243448183809,2025-03-16,21:02:03
37.1313540885286,-8.539204586158588,2025-03-16,21:02:13
37.13132954146127,-8.539216095064164,2025-03-16,21:02:23
37.131317571830095,-8.539216332340304,2025-03-16,21:02:33
37.13132293399689,-8.539217605748183,2025-03-16,21:02:43
37.13131355113141,-8.539211698911963,2025-03-16,21:02:53
37.13132693780599,-8.539237172596408,2025-03-16,21:03:03
37.13133657663485,-8.539243049621227,2025-03-16,21:03:13
37.13129749543153,-8.539251888947916,2025-03-16,21:03:23
37.13135250979202,-8.539232606587243,2025-03-16,21:03:33
37.13133680487258,-8.539220498596347,2025-03-16,21:03:43
37.1313072985654,-8.539232214838156,2025-03-16,21:03:53
37.13130660121565,-8.53922235301969,2025-03-16,21:04:03
37.13133933102031,-8.539214459861839,2025-03-16,21:04:13
37.13131814982513,-8.539220841274522,2025-03-16,21:04:23
37.131352907034646,-8.539218466382396,2025-03-16,21:04:33
37.131348130470094,-8.539213321651477,2025-03-16,21:04:43
37.13131727849337,-8.539225476745079,2025-03-16,21:04:53
37.13131548696109,-8.539213559531744,2025-03-16,21:05:03
37.13134904150545,-8.539229806558804,2025-03-16,21:05:13
37.13135819786043,-8.539243440707155,2025-03-16,21:05:23
37.13130430036807,-8.539221647772708,2025-03-16,21:05:33
37.13130162855409,-8.53921020981723,2025-03-16,21:05:43
37.13133435145934,-8.539200897673167,2025-03-16,21:05:53
37.131338097709744,-8.539197536346467,2025-03-16,21:06:03
37.13133913586524,-8.539207709215667,2025-03-16,21:06:13
37.13131642370883,-8.53922225941779,2025-03-16,21:06:23
37.13133480952937,-8.539213828757806,2025-03-16,21:06:33
37.13129018324601,-8.539207791681234,2025-03-16,21:06:43
37.13130742479043,-8.539205304567306,2025-03-16,21:06:53
37.13136000790582,-8.539225794335788,2025-03-16,21:07:03
37.1313188524934,-8.53921512788973,2025-03-16,21:07:13
37.13130964657948,-8.539247086625663,2025-03-16,21:07:23
37.131323457442605,-8.539232416419203,2025-03-16,21:07:33
37.13125934253077,-8.539244945748237,2025-03-16,21:07:43
37.13134361625188,-8.539225224936787,2025-03-16,21:07:53
37.13132534259928,-8.539233727037958,2025-03-16,21:08:03
37.13132042302544,-8.539235266602258,2025-03-16,21:08:13
37.13130607501868,-8.539226457143284,2025-03-16,21:08:23
37.13128902665191,-8.539227619067715,2025-03-16,21:08:33
37.13134299297857,-8.539223337130727,2025-03-16,21:08:43
37.131360820165135,-8.539224137444215,2025-03-16,21:08:53
37.131310952691614,-8.5392301810631,2025-03-16,21:09:03
37.131316282476114,-8.53921204055021,2025-03-16,21:09:13
37.131302657233576,-8.539223129133422,2025-03-16,21:09:23
37.13133643471324,-8.539208656582113,2025-03-16,21:09:33
37.131308467364185,-8.539236847292035,2025-03-16,21:09:43
37.13129745044044,-8.539226189232666,2025-03-16,21:09:53
37.13131400740646,-8.539249695443985,2025-03-16,21:10:03
37.131393591326606,-8.539249709245588,2025-03-16,21:10:13
37.13139650661346,-8.53923134459293,2025-03-16,21:10:23
37.131339014651886,-8.539215441260325,2025-03-16,21:10:33
37.13136495387146,-8.539208190769239,2025-03-16,21:10:43
37.13132111041691,-8.539222764066192,2025-03-16,21:10:53
37.13130204595047,-8.539233164212677,2025-03-16,21:11:03
37.13131087317809,-8.53922131308486,2025-03-16,21:11:13
37.13130479565176,-8.539225974733737,2025-03-16,21:11:23
37.131331335103766,-8.539222446687635,2025-03-16,21:11:33
37.13133093272724,-8.539231473786353,2025-03-16,21:11:43
37.13135040068181,-8.539229057159359,2025-03-16,21:11:53
37.13133385046008,-8.53924153603204,2025-03-16,21:12:03
37.13135644405925,-8.539212027141684,2025-03-16,21:12:13
37.13130728925377,-8.539200971830741,2025-03-16,21:12:23
37.131322228033966,-8.539201544659162,2025-03-16,21:12:33
37.13139321248367,-8.53923484989468,2025-03-16,21:12:43
37.13138872346433,-8.539239028068009,2025-03-16,21:12:53
37.13135666702914,-8.53921994886695,2025-03-16,21:13:03
37.131381179211,-8.539222141378554,2025-03-16,21:13:13
37.1313815510102,-8.539245143084862,2025-03-16,21:13:23
37.13135746575096,-8.539236062730769,2025-03-16,21:13:33
37.13133057287637,-8.539196643966235,2025-03-16,21:13:43
37.13132282748822,-8.539189475026568,2025-03-16,21:13:53
37.13135789855112,-8.539220741633743,2025-03-16,21:14:03
37.13136911382112,-8.53922516787024,2025-03-16,21:14:13
37.13134556655811,-8.539209948695751,2025-03-16,21:14:23
37.131341326309865,-8.539215569845787,2025-03-16,21:14:33
37.13137611775026,-8.539235983272068,2025-03-16,21:14:43
37.13134897493576,-8.53921206634084,2025-03-16,21:14:53
37.131360929093496,-8.539219405651634,2025-03-16,21:15:03
37.1313919785111,-8.539220631212176,2025-03-16,21:15:13
37.13133197246849,-8.539225569717392,2025-03-16,21:15:23
37.13130609569213,-8.539189715402417,2025-03-16,21:15:33
37.13130980625352,-8.539253078249324,2025-03-16,21:15:43
37.13133802576764,-8.539219607175983,2025-03-16,21:15:53
37.13137512456992,-8.539222643199006,2025-03-16,21:16:03
37.13134969699011,-8.539221296368607,2025-03-16,21:16:13
37.13137788149015,-8.539227741855592,2025-03-16,21:16:23
37.13133225721102,-8.539226970124783,2025-03-16,21:16:33
37.131328656464646,-8.539226844036367,2025-03-16,21:16:43
37.13139328939887,-8.53923163789682,2025-03-16,21:16:53
37.131417413540994,-8.53925584484382,2025-03-16,21:17:03
37.131372947866986,-8.539242635527037,2025-03-16,21:17:13
37.13138242746281,-8.539239421503904,2025-03-16,21:17:23
37.131336409399424,-8.539225536154717,2025-03-16,21:17:33
37.131324118919714,-8.539231089131523,2025-03-16,21:17:43
37.131338837832814,-8.539228431293171,2025-03-16,21:17:53
37.1313907847723,-8.539218875282467,2025-03-16,21:18:03
37.13137173475076,-8.539195613048692,2025-03-16,21:18:13
37.131370016858426,-8.539243858202791,2025-03-16,21:18:23
37.13135939477272,-8.539252814206607,2025-03-16,21:18:33
37.131327132576224,-8.53921327582748,2025-03-16,21:18:43
37.13134689523022,-8.539199191991857,2025-03-16,21:18:53
37.131314933768,-8.53920393136934,2025-03-16,21:19:03
37.131301487165565,-8.539214194892919,2025-03-16,21:19:13
37.131334046743966,-8.539227612277907,2025-03-16,21:19:23
37.1313355016564,-8.53923457541759,2025-03-16,21:19:33
37.13135479412311,-8.539199289271938,2025-03-16,21:19:43
37.13136707265387,-8.539194093322214,2025-03-16,21:19:53
37.13133610967898,-8.539205042589789,2025-03-16,21:20:03
37.13134069153138,-8.539209261997334,2025-03-16,21:20:13
37.13136588970748,-8.539198547576163,2025-03-16,21:20:23
37.131374180814575,-8.53919196869725,2025-03-16,21:20:33
37.13138786653911,-8.539205810187006,2025-03-16,21:20:43
37.1313627577284,-8.53920685911062,2025-03-16,21:20:53
37.131352313103456,-8.5392001693,2025-03-16,21:21:03
37.131320330418326,-8.539169284592093,2025-03-16,21:21:13
37.13131232750125,-8.539213766324432,2025-03-16,21:21:23
37.131373508128505,-8.539228970176431,2025-03-16,21:21:33
37.13137058017357,-8.53919543009929,2025-03-16,21:21:43
37.13139144018666,-8.53922971748592,2025-03-16,21:21:53
37.13138600828029,-8.539237160443381,2025-03-16,21:22:03
37.13138238956213,-8.539193154966226,2025-03-16,21:22:13
37.13138608060459,-8.539182135951812,2025-03-16,21:22:23
37.13136759480218,-8.539203495426126,2025-03-16,21:22:33
37.131376401881525,-8.539208346944832,2025-03-16,21:22:43
37.13133673963056,-8.53920505169391,2025-03-16,21:22:53
37.13132422036775,-8.539204001007159,2025-03-16,21:23:03
37.131377765810136,-8.539210148965317,2025-03-16,21:23:13
37.13138626697789,-8.539211515570125,2025-03-16,21:23:23
37.13138998565525,-8.53920666103177,2025-03-16,21:23:33
37.13141121004692,-8.539242809965724,2025-03-16,21:23:43
37.13139387324344,-8.539233176492372,2025-03-16,21:23:53
37.131421313343246,-8.5392276273845,2025-03-16,21:24:03
37.13136442897028,-8.539229193529737,2025-03-16,21:24:13
37.13139011189906,-8.539237868906254,2025-03-16,21:24:23
37.1313688745007,-8.539241706104168,2025-03-16,21:24:33
37.13126925744852,-8.539227378928455,2025-03-16,21:24:43
37.13130563207696,-8.539231610504606,2025-03-16,21:24:53
37.13130299507814,-8.539231645428936,2025-03-16,21:25:03
37.13129994777723,-8.539235223058387,2025-03-16,21:25:13
37.13136700384515,-8.539190860097627,2025-03-16,21:25:23
37.13136445997173,-8.539173324871012,2025-03-16,21:25:33
37.13135434685658,-8.53921355162966,2025-03-16,21:25:43
37.13135243734884,-8.53922223849876,2025-03-16,21:25:53
37.131376915153005,-8.539215028421433,2025-03-16,21:26:03
37.1313844144816,-8.539211628427054,2025-03-16,21:26:13
37.131369600228176,-8.5392387859274,2025-03-16,21:26:23
37.13136511599357,-8.539206812974959,2025-03-16,21:26:33
37.13135990543485,-8.539212260800568,2025-03-16,21:26:43
37.131362333654295,-8.53920770761281,2025-03-16,21:26:53
37.13135788230832,-8.539195319489016,2025-03-16,21:27:03
37.13137904685329,-8.539224006249853,2025-03-16,21:27:13
37.13138441067663,-8.539207358215688,2025-03-16,21:27:23
37.13138266105605,-8.539215678104803,2025-03-16,21:27:33
37.1313507887956,-8.5391954137134,2025-03-16,21:27:43
37.13135380020991,-8.539187920714038,2025-03-16,21:27:53
37.13134956374724,-8.539183740985473,2025-03-16,21:28:03
37.1313367689637,-8.539196347220743,2025-03-16,21:28:13
37.131325747854845,-8.539195175825997,2025-03-16,21:28:23
37.13137335837153,-8.539172609054585,2025-03-16,21:28:33
37.13137542216084,-8.539158192627527,2025-03-16,21:28:43
37.13138281264262,-8.539206281989813,2025-03-16,21:28:53
37.13137565491154,-8.539214741376716,2025-03-16,21:29:03
37.13137627823239,-8.53922655368147,2025-03-16,21:29:13
37.13134813376648,-8.5391826317142,2025-03-16,21:29:23
37.13135068052689,-8.539212584811326,2025-03-16,21:29:33
37.13135712484959,-8.53918969740541,2025-03-16,21:29:43
37.131351696030094,-8.539185728544567,2025-03-16,21:29:53
37.13136304416169,-8.53918622204559,2025-03-16,21:30:03
37.13135238742752,-8.539182854500128,2025-03-16,21:30:13
37.13133780320384,-8.539199642752875,2025-03-16,21:30:23
37.13136083207375,-8.539190613952435,2025-03-16,21:30:33
37.13137810443821,-8.539180695901333,2025-03-16,21:30:43
37.13138165581041,-8.539174135225846,2025-03-16,21:30:53
37.13136228005328,-8.539211864240563,2025-03-16,21:31:03
37.13136106627299,-8.539210644611474,2025-03-16,21:31:13
37.13135283882094,-8.539197207985573,2025-03-16,21:31:23
37.13134690294194,-8.539189124564041,2025-03-16,21:31:33
37.13135980224119,-8.539205462248654,2025-03-16,21:31:43
37.13135567592963,-8.539202276151272,2025-03-16,21:31:53
37.13136304262164,-8.539210649442625,2025-03-16,21:32:03
37.13137447990814,-8.539207035039205,2025-03-16,21:32:13
37.1313446667157,-8.539203729759251,2025-03-16,21:32:23
37.13135797600614,-8.539214358921894,2025-03-16,21:32:33
37.13137242783905,-8.539209709864485,2025-03-16,21:32:43
37.131195655521694,-8.53928247852607,2025-03-16,21:32:53
37.131379327703485,-8.539241532790534,2025-03-16,21:33:03
37.13146700046706,-8.539307338288738,2025-03-16,21:33:13
37.131467208732765,-8.53930909613943,2025-03-16,21:33:23
37.1316114649956,-8.539352631408532,2025-03-16,21:33:33
37.13152713392599,-8.539398662007347,2025-03-16,21:33:43
37.13150833124581,-8.539328008798668,2025-03-16,21:33:53
37.131470116622026,-8.539345609272933,2025-03-16,21:34:03
37.13155873727784,-8.53939224625762,2025-03-16,21:34:13
37.131560454235846,-8.539390746610056,2025-03-16,21:34:23
37.13157018268502,-8.539330481617336,2025-03-16,21:34:33
37.13159638836984,-8.539367734935128,2025-03-16,21:34:43
37.13158763461784,-8.539367391996535,2025-03-16,21:34:53
37.13155031905667,-8.539380895382855,2025-03-16,21:35:03
37.131548428954645,-8.539381546026858,2025-03-16,21:35:13
37.13156275970991,-8.539376279565277,2025-03-16,21:35:23
37.13156646809041,-8.539376881819766,2025-03-16,21:35:33
37.13158031528725,-8.5393757657212,2025-03-16,21:35:43
37.13151160437636,-8.539356535284972,2025-03-16,21:35:53
37.13149315331998,-8.539355413022612,2025-03-16,21:36:03
37.13153178281981,-8.539334847589426,2025-03-16,21:36:13
37.13145762943156,-8.539357279862344,2025-03-16,21:36:23
37.13151395679146,-8.53937884578821,2025-03-16,21:36:33
37.13149500812228,-8.539431799395684,2025-03-16,21:36:43
37.131583462878105,-8.539386539739093,2025-03-16,21:36:53
37.13158476804636,-8.539375335067634,2025-03-16,21:37:03
37.13155896976944,-8.539388535745086,2025-03-16,21:37:13
37.13158341350074,-8.539392188466747,2025-03-16,21:37:23
37.131585087546014,-8.539388725190646,2025-03-16,21:37:33
37.13151238851774,-8.539338425275163,2025-03-16,21:37:43
37.13148352213969,-8.539359371602822,2025-03-16,21:37:53
37.13148746399913,-8.539352197910677,2025-03-16,21:38:03
37.13162767369642,-8.539383150183433,2025-03-16,21:38:13
37.13162874799038,-8.539381273548006,2025-03-16,21:38:23
37.1316036803067,-8.539334773001015,2025-03-16,21:38:33
37.13160080685969,-8.539333407500608,2025-03-16,21:38:43
37.13161307010616,-8.539360359078964,2025-03-16,21:38:53
37.13160149854612,-8.53937017335932,2025-03-16,21:39:03
37.131602754267945,-8.539367041835304,2025-03-16,21:39:13
37.1315989929451,-8.53937979112198,2025-03-16,21:39:23
37.13159922743913,-8.539378997188368,2025-03-16,21:39:33
37.13160350768137,-8.539373119501358,2025-03-16,21:39:43
37.1315979240325,-8.539381700927583,2025-03-16,21:39:53
37.1316340552581,-8.539379297252136,2025-03-16,21:40:03
37.13162994132312,-8.539379725876378,2025-03-16,21:40:13
37.13159675163983,-8.539383411506341,2025-03-16,21:40:23
37.13160177091933,-8.539376673144163,2025-03-16,21:40:33
37.131615530861374,-8.539372780205222,2025-03-16,21:40:43
37.13162658308686,-8.539378906364558,2025-03-16,21:40:53
37.131600073353454,-8.539374122538565,2025-03-16,21:41:03
37.13159908054367,-8.539369559666362,2025-03-16,21:41:13
37.13161990695885,-8.539377808444524,2025-03-16,21:41:23
37.13162735685483,-8.539377498802768,2025-03-16,21:41:33
37.13161128708709,-8.53936154944767,2025-03-16,21:41:43
37.13161075684248,-8.5393551503441,2025-03-16,21:41:53
37.13160190512781,-8.53935979661517,2025-03-16,21:42:03
37.131569321631744,-8.53940441439804,2025-03-16,21:42:13
37.13157005682135,-8.539391704905192,2025-03-16,21:42:23
37.13160551424556,-8.539369958697014,2025-03-16,21:42:33
37.1315836769483,-8.539387386266785,2025-03-16,21:42:43
37.13159498823981,-8.539377467298072,2025-03-16,21:42:53
37.13160349322095,-8.539364597241558,2025-03-16,21:43:03
37.131560398751006,-8.539380417715519,2025-03-16,21:43:13
37.13158652232367,-8.539371495181749,2025-03-16,21:43:23
37.13160935388365,-8.539354988834388,2025-03-16,21:43:33
37.13153196711967,-8.539354864990829,2025-03-16,21:43:43
37.13153372366158,-8.539351272056292,2025-03-16,21:43:53
37.131464403599054,-8.539313393078693,2025-03-16,21:44:03
37.13155336639886,-8.539333775734478,2025-03-16,21:44:13
37.13154931684971,-8.539403766698324,2025-03-16,21:44:23
37.13154931684971,-8.539403766698324,2025-03-16,21:44:33
37.13149795790651,-8.539451872089415,2025-03-16,21:44:43
37.131528347932736,-8.539426117574335,2025-03-16,21:44:53
37.131499000883046,-8.539416757882334,2025-03-16,21:52:08
37.13151932556373,-8.539438818164273,2025-03-16,21:52:23
37.13152014780511,-8.539398550259483,2025-03-16,21:52:33
37.13152737343815,-8.53942265752893,2025-03-16,21:52:43
37.13148102680567,-8.53943308303689,2025-03-16,21:52:53
37.13151811585482,-8.539410296396861,2025-03-16,21:53:03
37.13152196260481,-8.539409329563858,2025-03-16,21:53:13
37.13152218505178,-8.53940878008954,2025-03-16,21:53:23
37.1314947037484,-8.539438134205398,2025-03-16,21:53:33
37.13148941269802,-8.53944868604649,2025-03-16,21:53:43
37.1314974977912,-8.539432227039843,2025-03-16,21:53:53
37.131496480188446,-8.539433464801915,2025-03-16,21:54:03
37.13150482427724,-8.539424813366015,2025-03-16,21:54:23
37.13154296652674,-8.53941405886755,2025-03-16,21:54:33
37.13152053310343,-8.539399493882334,2025-03-16,21:54:43
37.13153308607217,-8.539404047470768,2025-03-16,21:54:53
37.13156949016648,-8.539389953039343,2025-03-16,21:55:03
37.13155658034172,-8.539404029958972,2025-03-16,21:55:13
37.1315341468824,-8.539401771181513,2025-03-16,21:55:23
37.13150973931696,-8.53940151138199,2025-03-16,21:55:33
37.13150337105383,-8.53941744354647,2025-03-16,21:55:52
37.1315589986706,-8.539382553648863,2025-03-16,21:56:02
37.131554053408,-8.539380291651835,2025-03-16,21:56:12
37.131530274431015,-8.539426252192314,2025-03-16,21:56:22
37.131526903429226,-8.539426625150831,2025-03-16,21:56:32
37.131506622109264,-8.539429687497584,2025-03-16,21:56:42
37.13150342079744,-8.539436829186542,2025-03-16,21:56:52
37.13149373935533,-8.539419872957057,2025-03-16,21:57:02
37.13149391141147,-8.539418562291024,2025-03-16,21:57:12
37.13154026438718,-8.539404985280273,2025-03-16,21:57:22
37.13155123211417,-8.539380791062905,2025-03-16,21:57:32
37.13155060333366,-8.539390752888268,2025-03-16,21:57:42
37.131512449006415,-8.53943903562662,2025-03-16,21:57:52
37.13150311883372,-8.539444438114389,2025-03-16,21:58:02
37.131489813210905,-8.53944289359293,2025-03-16,21:58:12
37.13155925545393,-8.539405118192548,2025-03-16,21:58:22
37.13156391015746,-8.539402391407883,2025-03-16,21:58:32
37.131563945838245,-8.53940143474258,2025-03-16,21:58:42
37.131496870390976,-8.539406194938252,2025-03-16,21:58:52
37.13149500591268,-8.539400969937148,2025-03-16,21:59:02
37.13154435454499,-8.539398336039449,2025-03-16,21:59:12
37.13153821726641,-8.539396423394178,2025-03-16,21:59:22
37.13151333945937,-8.539412154056757,2025-03-16,21:59:32
37.13150908213029,-8.539412605627065,2025-03-16,21:59:42
37.13156058795728,-8.53940015422381,2025-03-16,21:59:52
37.131559770330114,-8.539400149648172,2025-03-16,22:00:02
37.13157743310376,-8.539373569365985,2025-03-16,22:00:12
37.13156726854125,-8.539386532630687,2025-03-16,22:00:22
37.13156516248453,-8.539398925165797,2025-03-16,22:00:32
37.13152707937496,-8.53942805086585,2025-03-16,22:00:42
37.13155018555756,-8.539394471376646,2025-03-16,22:00:52
37.13152923535209,-8.539426073675001,2025-03-16,22:01:02
37.13152400800533,-8.539410176392337,2025-03-16,22:01:12
37.13156300749644,-8.539381530172067,2025-03-16,22:01:22
37.13153612955856,-8.539391973447097,2025-03-16,22:01:32
37.13153394065866,-8.539394282716371,2025-03-16,22:01:42
37.13153461517627,-8.539392163605585,2025-03-16,22:01:52
37.13157113358957,-8.539391362687715,2025-03-16,22:02:02
37.13157855045223,-8.53938699663129,2025-03-16,22:02:12
37.13153739053432,-8.5394067777469,2025-03-16,22:02:22
37.13151874571163,-8.53941132838067,2025-03-16,22:02:32
37.13152544827416,-8.539414500170105,2025-03-16,22:02:42
37.1315300740227,-8.539411966191334,2025-03-16,22:02:52
37.13152381055673,-8.539404432264645,2025-03-16,22:03:02
37.13150900451081,-8.539412072235175,2025-03-16,22:03:12
37.131534344642574,-8.53939593661267,2025-03-16,22:03:22
37.13151780496067,-8.539411589901729,2025-03-16,22:03:32
37.13155995610367,-8.53938373303367,2025-03-16,22:03:42
37.13156362551622,-8.539402045545176,2025-03-16,22:03:52
37.13156384407208,-8.539388483154667,2025-03-16,22:04:02
37.13156357214167,-8.539381224809075,2025-03-16,22:04:12
37.13153109920197,-8.539422960735566,2025-03-16,22:04:22
37.131529564571466,-8.539422120841818,2025-03-16,22:04:32
37.131528268339935,-8.53942603749995,2025-03-16,22:04:42
37.13154498614105,-8.539407912056364,2025-03-16,22:04:52
37.131550601096805,-8.539407014922563,2025-03-16,22:05:02
37.13152890366373,-8.539425660844497,2025-03-16,22:05:12
37.13152813246732,-8.539426408676574,2025-03-16,22:05:22
37.13152757729341,-8.539427374390181,2025-03-16,22:05:32
37.13152855773832,-8.539426558696443,2025-03-16,22:05:42
37.13152822177388,-8.539426469760024,2025-03-16,22:05:52
37.13150561568353,-8.539427750257175,2025-03-16,22:06:02
37.13149896171565,-8.539422277636408,2025-03-16,22:06:12
37.13153460800485,-8.53940160872681,2025-03-16,22:06:22
37.13153522712862,-8.539399439556455,2025-03-16,22:06:32
37.13151678859103,-8.539411395547589,2025-03-16,22:06:42
37.13152963764004,-8.539404577958203,2025-03-16,22:06:52
37.13154837122776,-8.539411791878486,2025-03-16,22:07:02
37.13155878195781,-8.539405399379358,2025-03-16,22:07:12
37.13155285458505,-8.539393996392858,2025-03-16,22:07:22
37.13155024528637,-8.539393435999182,2025-03-16,22:07:32
37.13154684375988,-8.539387285261048,2025-03-16,22:07:42
37.13153847502736,-8.53938103174899,2025-03-16,22:07:52
37.13154209237814,-8.539393620448273,2025-03-16,22:08:02
37.13153849689601,-8.539395350582174,2025-03-16,22:08:12
37.13156090390492,-8.539398040096193,2025-03-16,22:08:22
37.13157496046613,-8.539388956374808,2025-03-16,22:08:32
37.13154554830636,-8.539375592157802,2025-03-16,22:08:42
37.13154214318823,-8.539386632366467,2025-03-16,22:08:52
37.13154607147455,-8.539381808354822,2025-03-16,22:09:02
37.13153947872838,-8.539395198316251,2025-03-16,22:09:12
37.13153962103366,-8.539395244279417,2025-03-16,22:09:22
37.13153895022742,-8.539395462934241,2025-03-16,22:09:32
37.13153832179619,-8.539402053898353,2025-03-16,22:09:42
37.1315624453844,-8.539381643423193,2025-03-16,22:09:52
37.131571852068845,-8.53938551291871,2025-03-16,22:10:02
37.13156679480648,-8.539368067302346,2025-03-16,22:10:12
37.13155594246692,-8.539382605606004,2025-03-16,22:10:22
37.13155421024081,-8.539384928833586,2025-03-16,22:10:32
37.1315542485847,-8.539382228238587,2025-03-16,22:10:42
37.131548866093176,-8.539388045875883,2025-03-16,22:10:52
37.13154111503528,-8.539393703297126,2025-03-16,22:11:02
37.13156170453998,-8.539407606776459,2025-03-16,22:11:12
37.13149464862681,-8.539438279199654,2025-03-16,22:11:22
37.13154736242921,-8.539394625479222,2025-03-16,22:11:32
37.13155380189424,-8.539391546021392,2025-03-16,22:11:42
37.13150937326243,-8.539411736214396,2025-03-16,22:11:52
37.1315277083114,-8.539426648505284,2025-03-16,22:12:02
37.13150461006307,-8.539425767864975,2025-03-16,22:12:12
37.13153398019,-8.539461972586976,2025-03-16,22:12:22
37.13152918118975,-8.539428591481835,2025-03-16,22:12:32
37.13151636026373,-8.53941147306942,2025-03-16,22:12:42
37.13153467949126,-8.539396279479165,2025-03-16,22:12:52
37.13151591987736,-8.539391756199368,2025-03-16,22:13:02
37.13151774746058,-8.539395634877888,2025-03-16,22:13:12
37.13153338833797,-8.539411894450987,2025-03-16,22:13:22
37.13155035716691,-8.539403409475144,2025-03-16,22:13:32
37.13153831355832,-8.539418048734001,2025-03-16,22:13:42
37.13154462037648,-8.53941716842431,2025-03-16,22:13:52
37.13154547552217,-8.539416049422618,2025-03-16,22:14:02
37.13154839912024,-8.539415424404151,2025-03-16,22:14:12
37.13155301884704,-8.539393109658828,2025-03-16,22:14:22
37.131591672901415,-8.539385297672414,2025-03-16,22:14:32
37.131588552193634,-8.539380474850274,2025-03-16,22:14:42
37.13153845795083,-8.539405191893955,2025-03-16,22:14:52
37.13158654889246,-8.539388702727907,2025-03-16,22:15:02
37.131552779910365,-8.539392794946027,2025-03-16,22:15:12
37.13153848643292,-8.539405334131517,2025-03-16,22:15:22
37.13155164576256,-8.539392743853634,2025-03-16,22:15:32
37.13152376699194,-8.53941386077101,2025-03-16,22:15:42
37.131576110315926,-8.539385634144843,2025-03-16,22:15:52
37.131584799892686,-8.539394393622484,2025-03-16,22:16:02
37.13157837142478,-8.539390589653744,2025-03-16,22:16:12
37.13158835999718,-8.539386768143467,2025-03-16,22:16:22
37.13152078293134,-8.539405988235233,2025-03-16,22:16:32
37.13151914482393,-8.539405219575185,2025-03-16,22:16:42
37.131532829240754,-8.539400313139833,2025-03-16,22:16:52
37.13155081935904,-8.539384695118946,2025-03-16,22:17:02
37.131523137308136,-8.539406509436162,2025-03-16,22:17:12
37.13155147821363,-8.539389036040074,2025-03-16,22:17:22
37.13155191415105,-8.539391311150764,2025-03-16,22:17:32
37.13151286562414,-8.539396399890729,2025-03-16,22:17:42
37.13151579818426,-8.539407565546963,2025-03-16,22:17:52
37.131479784414616,-8.539420108366397,2025-03-16,22:18:02
37.1315318369408,-8.539406067787654,2025-03-16,22:18:12
37.13153858669136,-8.539395682146322,2025-03-16,22:18:22
37.131514059652815,-8.539408651933837,2025-03-16,22:18:32
37.131527457096105,-8.539426653244568,2025-03-16,22:18:42
37.1315301998928,-8.539400018862299,2025-03-16,22:18:52
37.13153920414202,-8.539406762022852,2025-03-16,22:19:02
37.13155015924704,-8.539406715602231,2025-03-16,22:19:12
37.13149795913058,-8.539439529416589,2025-03-16,22:19:22
37.13150255034646,-8.539437411585492,2025-03-16,22:19:32
37.13152594547348,-8.539393462271253,2025-03-16,22:19:42
37.13153132340162,-8.539386672741133,2025-03-16,22:19:52
37.1315065474044,-8.539420529875015,2025-03-16,22:20:02
37.13150762465386,-8.539415042000117,2025-03-16,22:20:12
37.13150821919103,-8.539413069501263,2025-03-16,22:20:22
37.131516106797534,-8.539411751358166,2025-03-16,22:20:32
37.13152654135891,-8.539398422180449,2025-03-16,22:20:42
37.13153795899808,-8.539396211398573,2025-03-16,22:20:52
37.13156401892116,-8.539402015727108,2025-03-16,22:21:02
37.13151508615324,-8.539412232119634,2025-03-16,22:21:12
37.131481639541406,-8.539419548116918,2025-03-16,22:21:22
37.13152954299068,-8.539422617201309,2025-03-16,22:21:32
37.13152354742741,-8.539414864323824,2025-03-16,22:21:42
37.13152724333711,-8.539412793048266,2025-03-16,22:21:52
37.13153171187868,-8.539417657649542,2025-03-16,22:22:02
37.13154862707257,-8.53940813997232,2025-03-16,22:22:12
37.13155102647664,-8.539406509365534,2025-03-16,22:22:22
37.13154316142354,-8.53940402408888,2025-03-16,22:22:32
37.13154581967368,-8.539395105497338,2025-03-16,22:22:42
37.13153886353051,-8.539408172110074,2025-03-16,22:22:52
37.13151974858965,-8.539393520746435,2025-03-16,22:23:02
37.13154627566728,-8.539403875432106,2025-03-16,22:23:12
37.131534426782174,-8.53939388155327,2025-03-16,22:23:22
37.13152492835153,-8.539401353815961,2025-03-16,22:23:32
37.13154820550686,-8.53940620497301,2025-03-16,22:23:42
37.13154071293162,-8.539396350953048,2025-03-16,22:23:52
37.13153424391097,-8.539393327173679,2025-03-16,22:24:02
37.13153890559158,-8.53939534244074,2025-03-16,22:24:12
37.1315391164192,-8.539395511043537,2025-03-16,22:24:22
37.13153964219167,-8.539395306371935,2025-03-16,22:24:32
37.13157788500965,-8.539384111273268,2025-03-16,22:24:42
37.13159214315977,-8.53938540193002,2025-03-16,22:24:52
37.13157279292506,-8.539393347702068,2025-03-16,22:25:02
37.13157774926332,-8.539401921351136,2025-03-16,22:25:12
37.13156672544502,-8.539391631961555,2025-03-16,22:25:22
37.13156765132743,-8.539390013729902,2025-03-16,22:25:32
37.13150783089516,-8.539419766985226,2025-03-16,22:25:42
37.13153202642536,-8.539401133342738,2025-03-16,22:25:52
37.131562069182415,-8.539382233499536,2025-03-16,22:26:02
37.13156371624677,-8.53938087078302,2025-03-16,22:26:12
37.13155843497186,-8.539381534890223,2025-03-16,22:26:22
37.1315389505187,-8.539395813389772,2025-03-16,22:26:32
37.13153942730238,-8.539395338355328,2025-03-16,22:26:42
37.131538513487705,-8.539395877402718,2025-03-16,22:26:52
37.13153971781621,-8.539396085954204,2025-03-16,22:27:02
37.13154277488388,-8.539407527129326,2025-03-16,22:27:12
37.131547180613744,-8.539414166030074,2025-03-16,22:27:22
37.13151017972582,-8.539414234301411,2025-03-16,22:27:32
37.13150290367579,-8.53941906590393,2025-03-16,22:27:42
37.13154768057832,-8.539405775287989,2025-03-16,22:27:52
37.13154942062824,-8.539405962209734,2025-03-16,22:28:02
37.13155543073677,-8.539453937295248,2025-03-16,22:28:12
37.13157141977611,-8.53945891263876,2025-03-16,22:28:22
37.13160042948075,-8.539424820314819,2025-03-16,22:28:32
37.13157197857197,-8.53941403474604,2025-03-16,22:28:42
37.13152842101296,-8.539419143851427,2025-03-16,22:28:52
37.13152966522939,-8.539421995355472,2025-03-16,22:29:02
37.13153440512389,-8.539396123575546,2025-03-16,22:29:12
37.13152984406891,-8.539422538148441,2025-03-16,22:29:22
37.13153267652118,-8.539421532135506,2025-03-16,22:29:32
37.13149280800059,-8.539440963837038,2025-03-16,22:29:42
37.13151142337116,-8.53942899329143,2025-03-16,22:29:52
37.13154668408395,-8.539408824725374,2025-03-16,22:30:02
37.13154022832399,-8.53939817957121,2025-03-16,22:30:12
37.13154407598621,-8.539385241532022,2025-03-16,22:30:22
37.13154205375465,-8.539387826109452,2025-03-16,22:30:32
37.1315353760802,-8.539393218643143,2025-03-16,22:30:42
37.13153461135796,-8.539393533153026,2025-03-16,22:30:52
37.131546372305166,-8.539373498883606,2025-03-16,22:31:02
37.13154959490819,-8.53936795125996,2025-03-16,22:31:12
37.131548195660336,-8.539405578914083,2025-03-16,22:31:22
37.13154874247822,-8.539405467922494,2025-03-16,22:31:32
37.13149402669737,-8.539439866117593,2025-03-16,22:31:42
37.131505022736086,-8.539438598343208,2025-03-16,22:31:52
37.13152979917576,-8.539422601526459,2025-03-16,22:32:02
37.13152958927476,-8.539422132776078,2025-03-16,22:32:12
37.131540766084456,-8.539412756035837,2025-03-16,22:32:22
37.13152014070796,-8.539426943687442,2025-03-16,22:32:32
37.13150860216246,-8.539435305181193,2025-03-16,22:32:42
37.13154781329114,-8.539407108460257,2025-03-16,22:32:52
37.131536734784014,-8.53939397119019,2025-03-16,22:33:02
37.13155779103581,-8.539406018839061,2025-03-16,22:33:12
37.13155070433955,-8.539406635155284,2025-03-16,22:33:22
37.13149006328232,-8.539441167270898,2025-03-16,22:33:32
37.13149007000418,-8.53944260366582,2025-03-16,22:33:42
37.13147454637982,-8.539431733540766,2025-03-16,22:33:52
37.1314691803281,-8.539435755749905,2025-03-16,22:34:02
37.131522531187485,-8.539409478186672,2025-03-16,22:34:12
37.13156445897311,-8.53939106592304,2025-03-16,22:34:22
37.13158918378143,-8.53938579842494,2025-03-16,22:34:32
37.13156742242942,-8.539359737620114,2025-03-16,22:34:42
37.13145584178302,-8.53927898859966,2025-03-16,22:34:52
37.13149683300088,-8.53931627978311,2025-03-16,22:35:02
37.13159961630705,-8.53939935104242,2025-03-16,22:35:12
37.1315994789176,-8.53938384484851,2025-03-16,22:35:22
37.13160687334008,-8.539408845348559,2025-03-16,22:35:32
37.13146531198066,-8.539323727376411,2025-03-16,22:35:42
37.13139842810898,-8.539192049055634,2025-03-16,22:35:52
37.131390990539785,-8.539130448120432,2025-03-16,22:36:02
37.13139093516148,-8.539130361906425,2025-03-16,22:36:12
37.13128855175324,-8.539195125295914,2025-03-16,22:36:22
37.13128689988198,-8.539194348173746,2025-03-16,22:36:32
37.13132679632248,-8.539151193657425,2025-03-16,22:36:42
37.131343472114885,-8.539136440773504,2025-03-16,22:36:52
37.13128206628727,-8.539178405106568,2025-03-16,22:37:02
37.13133078584077,-8.53914485165483,2025-03-16,22:37:12
37.13128932402232,-8.539232206939475,2025-03-16,22:37:22
37.13126860569623,-8.539211998755572,2025-03-16,22:37:32
37.131286631217925,-8.539190296185355,2025-03-16,22:37:42
37.13131215683948,-8.539185443074937,2025-03-16,22:37:52
37.13130293039311,-8.539163264500601,2025-03-16,22:38:02
37.13118912475332,-8.539318301448217,2025-03-16,22:38:12
37.13125011724421,-8.539264453107613,2025-03-16,22:38:22
37.13124387470357,-8.539242589584845,2025-03-16,22:38:32
37.13126542540539,-8.539221171027824,2025-03-16,22:38:42
37.13123925295266,-8.539290813492034,2025-03-16,22:38:52
37.1312268263876,-8.53930250429988,2025-03-16,22:39:02
37.131318727153065,-8.539198456598134,2025-03-16,22:39:12
37.13132030544196,-8.539201378603597,2025-03-16,22:39:22
37.13129574493809,-8.539194340348232,2025-03-16,22:39:32
37.1313033262686,-8.53918303789934,2025-03-16,22:39:42
37.13132131587502,-8.539179953396966,2025-03-16,22:39:52
37.13131097652359,-8.539235062838108,2025-03-16,22:40:02
37.13130895360265,-8.5391914427206,2025-03-16,22:40:12
37.13128164168623,-8.539254298048764,2025-03-16,22:40:22
37.13128582736421,-8.53924014490132,2025-03-16,22:40:32
37.13123156550144,-8.539287115618617,2025-03-16,22:40:42
37.131222888647045,-8.539277032468155,2025-03-16,22:40:52
37.13127041501823,-8.539233274698653,2025-03-16,22:41:02
37.13124333289581,-8.539257793677242,2025-03-16,22:41:12
37.13121588390379,-8.539278518540813,2025-03-16,22:41:22
37.13131491165741,-8.539209081902602,2025-03-16,22:41:32
37.131349253611,-8.539158482467421,2025-03-16,22:41:42
37.13135764675327,-8.539148937604605,2025-03-16,22:41:52
37.13125925599876,-8.53924835659019,2025-03-16,22:42:02
37.13126420109224,-8.53924655485348,2025-03-16,22:42:12
37.13128948782872,-8.539174517309165,2025-03-16,22:42:22
37.13128947610181,-8.539173566452583,2025-03-16,22:42:32
37.13133212964424,-8.53917128366641,2025-03-16,22:42:42
37.13136682910771,-8.5391435127073,2025-03-16,22:42:52
37.13123474065103,-8.539280418440772,2025-03-16,22:43:02
37.13127758846606,-8.539229525046995,2025-03-16,22:43:12
37.13132818793344,-8.53918253594723,2025-03-16,22:43:22
37.13132081063713,-8.539192360125972,2025-03-16,22:43:32
37.13128693243733,-8.539216944320247,2025-03-16,22:43:42
37.13134571244434,-8.539171166655601,2025-03-16,22:43:52
37.13133176487967,-8.539184832043308,2025-03-16,22:44:02
37.1312477796296,-8.539232224598276,2025-03-16,22:44:12
37.13123318275843,-8.539242886676021,2025-03-16,22:44:22
37.13127081981404,-8.539248374472937,2025-03-16,22:44:32
37.13127294406456,-8.53924551993887,2025-03-16,22:44:42
37.13122675377568,-8.53920890592381,2025-03-16,22:44:52
37.13121928950173,-8.539212898453188,2025-03-16,22:45:02
37.13127699607667,-8.53924601906685,2025-03-16,22:45:12
37.13127568909365,-8.53924605586028,2025-03-16,22:45:22
37.131351523628126,-8.539156246951153,2025-03-16,22:45:32
37.13131893343603,-8.539173562755572,2025-03-16,22:45:43
37.13131819680584,-8.539188651596357,2025-03-16,22:46:02
37.13131639689032,-8.539189481744765,2025-03-16,22:46:12
37.13130279622806,-8.539203110202664,2025-03-16,22:46:22
37.13131284929,-8.539158831779174,2025-03-16,22:46:32
37.13136726146,-8.539173128707422,2025-03-16,22:46:42
37.13134955653819,-8.539171310495941,2025-03-16,22:46:52
37.131290031633725,-8.53916857043263,2025-03-16,22:47:02
37.1312824906761,-8.53916689011575,2025-03-16,22:47:12
37.13133270439461,-8.539167024735708,2025-03-16,22:47:23
37.13129413332668,-8.539201000817465,2025-03-16,22:47:42
37.13129495595222,-8.53919813469591,2025-03-16,22:47:52
37.13131362267223,-8.539154543286964,2025-03-16,22:48:02
37.1312949985127,-8.539159117806387,2025-03-16,22:48:12
37.131225072529176,-8.53924067884392,2025-03-16,22:48:22
37.13127099837215,-8.539192409271362,2025-03-16,22:48:32
37.13129664181098,-8.539203796764646,2025-03-16,22:48:42
37.13125221155204,-8.53922091959462,2025-03-16,22:48:52
37.131286931514175,-8.539240671562123,2025-03-16,22:49:02
37.13132333340999,-8.539200345800134,2025-03-16,22:49:12
37.13133982299455,-8.539197045884407,2025-03-16,22:49:22
37.131323819195146,-8.539153223212027,2025-03-16,22:49:32
37.13131888504679,-8.539184349721069,2025-03-16,22:49:42
37.13131833143096,-8.539182407217263,2025-03-16,22:49:52
37.13134753974754,-8.539163129168019,2025-03-16,22:50:02
37.1313487463752,-8.539160644034496,2025-03-16,22:50:12
37.13134675622413,-8.539150847510346,2025-03-16,22:50:22
37.1313434731108,-8.53915135131729,2025-03-16,22:50:32
37.13137884639512,-8.539142718372867,2025-03-16,22:50:42
37.131349203550826,-8.539142217225534,2025-03-16,22:50:52
37.13136559085034,-8.539129305102179,2025-03-16,22:51:02
37.13130796359096,-8.53918785093599,2025-03-16,22:51:12
37.13121507235406,-8.539276573360969,2025-03-16,22:51:22
37.131255638091645,-8.539224053084261,2025-03-16,22:51:32
37.13127628888772,-8.53918682460978,2025-03-16,22:51:42
37.131278438737326,-8.539185133496659,2025-03-16,22:51:52
37.13128355438632,-8.53918704879328,2025-03-16,22:52:02
37.131282106755286,-8.539196405859968,2025-03-16,22:52:12
37.1312614740612,-8.539193406791,2025-03-16,22:52:22
37.13129329717791,-8.539190916452853,2025-03-16,22:52:32
37.13128810728194,-8.539189660007672,2025-03-16,22:52:42
37.1312677774879,-8.539227839091488,2025-03-16,22:52:52
37.13126042926746,-8.539232915352473,2025-03-16,22:53:02
37.1312948252409,-8.539201842101873,2025-03-16,22:53:12
37.13130533137032,-8.539196092894604,2025-03-16,22:53:22
37.13127033906004,-8.539228330842064,2025-03-16,22:53:32
37.13124658175621,-8.539238000282038,2025-03-16,22:53:42
37.1312573064238,-8.539238850770507,2025-03-16,22:53:52
37.13129156678498,-8.53921971347196,2025-03-16,22:54:02
37.13127286023732,-8.539226468132927,2025-03-16,22:54:12
37.13127874082666,-8.539194539383185,2025-03-16,22:54:22
37.131251446553016,-8.539244139327906,2025-03-16,22:54:32
37.13127487027021,-8.539259124202697,2025-03-16,22:54:42
37.13125129568517,-8.539241242213013,2025-03-16,22:54:52
37.13125871898508,-8.539268305157941,2025-03-16,22:55:02
37.13127655910161,-8.539233285166606,2025-03-16,22:55:12
37.1312612463231,-8.53921913811204,2025-03-16,22:55:22
37.13125869447417,-8.5392198564151,2025-03-16,22:55:32
37.131259028965246,-8.539217199320754,2025-03-16,22:55:42
37.13124407215045,-8.539221163648278,2025-03-16,22:55:52
37.13120934117642,-8.539267123906194,2025-03-16,22:56:02
37.13119040187946,-8.539289468732061,2025-03-16,22:56:12
37.13121908776487,-8.539265396348252,2025-03-16,22:56:23
37.13124895358119,-8.539246050949322,2025-03-16,22:56:42
37.13125191380437,-8.539227917541966,2025-03-16,22:56:52
37.1312687455262,-8.539208729542567,2025-03-16,22:57:02
37.13127278031731,-8.539205826468802,2025-03-16,22:57:12
37.13126581067554,-8.539212502242284,2025-03-16,22:57:22
37.13120431392546,-8.539271799203737,2025-03-16,22:57:32
37.1312625230394,-8.539216480239263,2025-03-16,22:57:42
37.13128468394129,-8.53919499338438,2025-03-16,22:57:52
37.13129100317437,-8.53919842001653,2025-03-16,22:58:02
37.13126981940792,-8.539212710588647,2025-03-16,22:58:12
37.13129469694178,-8.539197276819296,2025-03-16,22:58:22
37.13126755243492,-8.539227829259502,2025-03-16,22:58:32
37.131258855343056,-8.539241194088689,2025-03-16,22:58:42
37.13129300172935,-8.539200997657911,2025-03-16,22:58:52
37.13128148140368,-8.53921042941314,2025-03-16,22:59:02
37.13124649194268,-8.539238128211235,2025-03-16,22:59:13
37.1312778154227,-8.539202980243418,2025-03-16,22:59:23
37.13125066063678,-8.539229417699303,2025-03-16,22:59:42
37.13123735349937,-8.539244738119981,2025-03-16,22:59:52
37.13127950842341,-8.539196059082554,2025-03-16,23:00:02
37.13127549526301,-8.53921183846667,2025-03-16,23:00:12
37.131274046534536,-8.53920009217823,2025-03-16,23:00:22
37.13125964418052,-8.539216307897412,2025-03-16,23:00:32
37.13128079565242,-8.539187122129452,2025-03-16,23:00:42
37.1312542793208,-8.539197979643616,2025-03-16,23:00:52
37.13122426775975,-8.539250311090525,2025-03-16,23:01:02
37.13121755180284,-8.539262295114133,2025-03-16,23:01:12
37.13125438288844,-8.539235132907924,2025-03-16,23:01:22
37.131256073763694,-8.539229071625563,2025-03-16,23:01:32
37.13130496358818,-8.539205923468321,2025-03-16,23:01:42
37.13132777012999,-8.539198294789655,2025-03-16,23:01:52
37.13131221767597,-8.53919086387522,2025-03-16,23:02:03
37.1312889842087,-8.539197668797236,2025-03-16,23:02:22
37.13122050833991,-8.539265847821817,2025-03-16,23:02:32
37.13123316666195,-8.539248016238039,2025-03-16,23:02:42
37.13125852531319,-8.539231970143923,2025-03-16,23:02:52
37.13120621376863,-8.539271293034203,2025-03-16,23:03:02
37.1313438010277,-8.539157651016819,2025-03-16,23:03:12
37.131305956902885,-8.539191595375303,2025-03-16,23:03:22
37.13126884182808,-8.53925327896599,2025-03-16,23:03:32
37.13125788770536,-8.53924051468237,2025-03-16,23:03:42
37.13128460557516,-8.539256392894702,2025-03-16,23:03:52
37.13128541351656,-8.539275757801443,2025-03-16,23:04:02
37.13125409399653,-8.539269628922696,2025-03-16,23:04:12
37.131239350550885,-8.539287846817702,2025-03-16,23:04:22
37.13123902360075,-8.53926380239669,2025-03-16,23:04:32
37.13123769317157,-8.539265774361928,2025-03-16,23:04:42
37.13126520242848,-8.53922653508338,2025-03-16,23:04:52
37.13127347028772,-8.539223376813538,2025-03-16,23:05:02
37.131269971133264,-8.539214040963069,2025-03-16,23:05:12
37.13128111419084,-8.539200992797703,2025-03-16,23:05:22
37.13128301988544,-8.53919257346277,2025-03-16,23:05:32
37.13130926827645,-8.539188541069432,2025-03-16,23:05:42
37.13126839333594,-8.539220965946878,2025-03-16,23:05:52
37.13127533230244,-8.539238202412982,2025-03-16,23:06:02
37.13125369873909,-8.53924837035928,2025-03-16,23:06:13
37.131286492948455,-8.539265336214292,2025-03-16,23:06:32
37.13130464399647,-8.539189446804198,2025-03-16,23:06:42
37.1313054288304,-8.539184040987642,2025-03-16,23:06:52
37.13127432271902,-8.539222160657959,2025-03-16,23:07:02
37.13125547581559,-8.539238326781133,2025-03-16,23:07:12
37.13128960597483,-8.539251982932527,2025-03-16,23:07:22
37.13129200814883,-8.539274508864738,2025-03-16,23:07:32
37.13127425974257,-8.53923406964557,2025-03-16,23:07:42
37.13127229634957,-8.539230668480954,2025-03-16,23:07:52
37.13128769792407,-8.53921033488801,2025-03-16,23:08:02
37.13124571478664,-8.539233631244816,2025-03-16,23:08:12
37.13129713993087,-8.53919035680396,2025-03-16,23:08:22
37.13130455495338,-8.539188892780958,2025-03-16,23:08:32
37.13128270404631,-8.539199712742194,2025-03-16,23:08:42
37.13125872699537,-8.539245201299506,2025-03-16,23:08:52
37.13126503681736,-8.539239597360432,2025-03-16,23:09:02
37.131308004516,-8.539220946946983,2025-03-16,23:09:12
37.13129516260835,-8.539223726519966,2025-03-16,23:09:22
37.13134701199077,-8.539222783058566,2025-03-16,23:09:32
37.13135100186791,-8.539232101540565,2025-03-16,23:09:42
37.13132759144289,-8.53920185415814,2025-03-16,23:09:52
37.13134419876181,-8.539193162496353,2025-03-16,23:10:02
37.13132072150991,-8.53921627325204,2025-03-16,23:10:12
37.13131714997711,-8.539227941202729,2025-03-16,23:10:22
37.1312658447413,-8.5392336075225,2025-03-16,23:10:32
37.131303287380334,-8.539189840609913,2025-03-16,23:10:42
37.13132525547388,-8.539162235222623,2025-03-16,23:10:52
37.131245162574174,-8.539231500398472,2025-03-16,23:11:02
37.1312658270991,-8.539213637565265,2025-03-16,23:11:12
37.131262245290216,-8.539208652976875,2025-03-16,23:11:22
37.13128298836315,-8.539169265619638,2025-03-16,23:11:32
37.1312839237622,-8.539208277231761,2025-03-16,23:11:42
37.13131133955078,-8.539167250207628,2025-03-16,23:11:52
37.13128414346913,-8.539200868526718,2025-03-16,23:12:03
37.13127810022264,-8.539214626146714,2025-03-16,23:12:13
37.13132388299122,-8.539213298854454,2025-03-16,23:12:23
37.13133800711446,-8.53922550733007,2025-03-16,23:12:33
37.13126942893226,-8.539224704179848,2025-03-16,23:12:43
37.13125540721537,-8.539229654368047,2025-03-16,23:12:53
37.131308937416485,-8.539222711437926,2025-03-16,23:13:03
37.13132923675697,-8.539228713758785,2025-03-16,23:13:13
37.131306446353655,-8.539219617221676,2025-03-16,23:13:23
37.131312024759154,-8.539203928787698,2025-03-16,23:13:33
37.13123663951461,-8.539230436059281,2025-03-16,23:13:43
37.131265393087176,-8.539226751939012,2025-03-16,23:13:53
37.13125472382076,-8.539200239907624,2025-03-16,23:14:03
37.13128482327289,-8.53920892325164,2025-03-16,23:14:13
37.13126686370842,-8.539220002981283,2025-03-16,23:14:23
37.13125673709915,-8.539228646527773,2025-03-16,23:14:33
37.13128938339198,-8.539200815875498,2025-03-16,23:14:43
37.131297089059146,-8.539178527081203,2025-03-16,23:14:53
37.131238702331096,-8.539240249979747,2025-03-16,23:15:03
37.131302094326685,-8.539216836929386,2025-03-16,23:15:13
37.13132914478894,-8.539207010115085,2025-03-16,23:15:23
37.13134230709521,-8.539134334123858,2025-03-16,23:15:33
37.1313611301237,-8.539118673380143,2025-03-16,23:15:43
37.13129420564236,-8.539196885971878,2025-03-16,23:15:53
37.13128621830722,-8.539207150640177,2025-03-16,23:16:03
37.13130561309895,-8.53919555440629,2025-03-16,23:16:13
37.131287123111214,-8.539204263296877,2025-03-16,23:16:23
37.13129671900904,-8.539196953405249,2025-03-16,23:16:33
37.13131904094766,-8.539177138788483,2025-03-16,23:16:43
37.13129610404157,-8.539191455189979,2025-03-16,23:16:53
37.13120479443193,-8.539263050998638,2025-03-16,23:17:03
37.13125978754984,-8.539234900256197,2025-03-16,23:17:13
37.13126065518876,-8.539234065386843,2025-03-16,23:17:23
37.1312700607845,-8.539236302608872,2025-03-16,23:17:33
37.13129303174949,-8.539206017409795,2025-03-16,23:17:43
37.131289274370886,-8.539194874735161,2025-03-16,23:17:53
37.13128337641727,-8.539198789124463,2025-03-16,23:18:03
37.13127978932679,-8.539199120054686,2025-03-16,23:18:13
37.13128450936682,-8.539199385585986,2025-03-16,23:18:23
37.13129170499119,-8.539195137745681,2025-03-16,23:18:33
37.13130726317986,-8.539214635345663,2025-03-16,23:18:53
37.13127479757543,-8.539233274606634,2025-03-16,23:19:03
37.131245869155215,-8.539246979687631,2025-03-16,23:19:13
37.13124488697759,-8.539239831882655,2025-03-16,23:19:23
37.13126162209556,-8.539213504523556,2025-03-16,23:19:33
37.131271203102905,-8.539181236714603,2025-03-16,23:19:43
37.13126753217264,-8.539182613857873,2025-03-16,23:19:53
37.13129572957284,-8.539177202420344,2025-03-16,23:20:03
37.13125231366788,-8.539235944356127,2025-03-16,23:20:13
37.13126961299974,-8.539213188470082,2025-03-16,23:20:23
37.13127792747678,-8.539206292633846,2025-03-16,23:20:33
37.131251089127424,-8.53924091022155,2025-03-16,23:20:43
37.131235480476825,-8.539236457982229,2025-03-16,23:20:53
37.13125101399788,-8.539238425106962,2025-03-16,23:21:03
37.13126743348604,-8.539210163896024,2025-03-16,23:21:13
37.1312652909025,-8.539204740734052,2025-03-16,23:21:23
37.13129987459164,-8.539207512652444,2025-03-16,23:21:33
37.13131986513561,-8.539201262568884,2025-03-16,23:21:43
37.13125707807424,-8.539213898858913,2025-03-16,23:21:53
37.13123724955438,-8.53921150637517,2025-03-16,23:22:03
37.13125363915463,-8.539235585319771,2025-03-16,23:22:13
37.13132408491815,-8.539196555603263,2025-03-16,23:22:23
37.131251040093865,-8.539245551717599,2025-03-16,23:22:33
37.13121551865032,-8.539243078676737,2025-03-16,23:22:43
37.13122688371575,-8.539246355071057,2025-03-16,23:22:53
37.13124049347249,-8.539210933512436,2025-03-16,23:23:03
37.13124068718977,-8.539228708302241,2025-03-16,23:23:13
37.13125131922392,-8.539217846038426,2025-03-16,23:23:23
37.13125021754953,-8.539232415782058,2025-03-16,23:23:33
37.13128131452641,-8.539229487638336,2025-03-16,23:23:43
37.1312929923637,-8.539226645270315,2025-03-16,23:23:53
37.13126862427802,-8.53924510155569,2025-03-16,23:24:03
37.13127865343347,-8.539242792246394,2025-03-16,23:24:13
37.13130157061166,-8.539215556267907,2025-03-16,23:24:33
37.13127181101684,-8.539228764166669,2025-03-16,23:24:43
37.131278258573005,-8.539221853097077,2025-03-16,23:24:53
37.13125366229468,-8.539242237198573,2025-03-16,23:25:03
37.13127901083856,-8.53922683096688,2025-03-16,23:25:13
37.13122832512091,-8.539260013142059,2025-03-16,23:25:23
37.13116277127435,-8.539286333733294,2025-03-16,23:25:33
37.13122568493262,-8.539244000285944,2025-03-16,23:25:43
37.13129376834738,-8.53922173422823,2025-03-16,23:25:53
37.13128299409183,-8.53920277390931,2025-03-16,23:26:03
37.13124226504736,-8.539205180737198,2025-03-16,23:26:13
37.13122127899636,-8.539244805225737,2025-03-16,23:26:23
37.13126889026741,-8.539243205138835,2025-03-16,23:26:33
37.131288940517,-8.539247228374904,2025-03-16,23:26:43
37.13124454045778,-8.539238494798065,2025-03-16,23:26:53
37.13123326338996,-8.539241504685867,2025-03-16,23:27:03
37.13126254042218,-8.539212728902386,2025-03-16,23:27:13
37.13126947604448,-8.539204660816184,2025-03-16,23:27:23
37.13124135174966,-8.539237208551361,2025-03-16,23:27:43
37.13123347234591,-8.539235484469556,2025-03-16,23:27:53
37.131240577391445,-8.53923611449636,2025-03-16,23:28:03
37.13125312488859,-8.539229701986372,2025-03-16,23:28:13
37.13123180306865,-8.539222892736975,2025-03-16,23:28:23
37.1313026773646,-8.53918774820532,2025-03-16,23:28:33
37.131224559610665,-8.539261093298,2025-03-16,23:28:43
37.13124210366293,-8.539239593877461,2025-03-16,23:28:53
37.13126429240669,-8.53927248338807,2025-03-16,23:29:03
37.131268978980735,-8.539244702592676,2025-03-16,23:29:13
37.13124204537494,-8.539245234241825,2025-03-16,23:29:23
37.13123589368331,-8.539250391809091,2025-03-16,23:29:33
37.13125495372984,-8.539244142372596,2025-03-16,23:29:43
37.13126180233496,-8.539248743554346,2025-03-16,23:29:53
37.131255624043774,-8.5392200777557,2025-03-16,23:30:03
37.13125782994712,-8.539224707576164,2025-03-16,23:30:13
37.13126965233034,-8.539243181851647,2025-03-16,23:30:23
37.13126784596838,-8.539200155150281,2025-03-16,23:30:33
37.131247454039176,-8.53920144229139,2025-03-16,23:30:43
37.13128797888562,-8.539165542480005,2025-03-16,23:30:53
37.13125628563107,-8.539190482573806,2025-03-16,23:31:03
37.13121314742628,-8.539263413450849,2025-03-16,23:31:13
37.13122237605431,-8.539222871113822,2025-03-16,23:31:23
37.13129042887764,-8.539152168514372,2025-03-16,23:31:33
37.131247005000006,-8.539192184433697,2025-03-16,23:31:43
37.131191750005534,-8.539243543330373,2025-03-16,23:31:53
37.13125335875525,-8.539193354851236,2025-03-16,23:32:03
37.131303634391976,-8.53917677230883,2025-03-16,23:32:13
37.131327145117375,-8.539173185546394,2025-03-16,23:32:23
37.13127992426695,-8.539194947620839,2025-03-16,23:32:33
37.131280100168354,-8.539196613870601,2025-03-16,23:32:43
37.13129602453898,-8.539182552132838,2025-03-16,23:32:53
37.13131379058527,-8.539174209523106,2025-03-16,23:33:03
37.13129283532162,-8.539196188769917,2025-03-16,23:33:13
37.131269217204505,-8.539187813645478,2025-03-16,23:33:23
37.131259187012944,-8.539182000330612,2025-03-16,23:33:33
37.13129308695767,-8.539175437487412,2025-03-16,23:33:43
37.13126833029969,-8.539180964173763,2025-03-16,23:33:53
37.13125135297077,-8.539205008098786,2025-03-16,23:34:03
37.13134923550964,-8.539174581094304,2025-03-16,23:34:13
37.13131533922632,-8.539191769688495,2025-03-16,23:34:23
37.13129090918026,-8.53921951741054,2025-03-16,23:34:33
37.13128053625425,-8.539241679818904,2025-03-16,23:34:43
37.1312766837645,-8.539244846937189,2025-03-16,23:34:53
37.13128265449341,-8.539219853849335,2025-03-16,23:35:03
37.131277552518725,-8.539226758335706,2025-03-16,23:35:13
37.1313352012687,-8.53916146393222,2025-03-16,23:35:23
37.131333891716274,-8.53916030247862,2025-03-16,23:35:33
37.131301707111135,-8.539306442962454,2025-03-16,23:35:53
37.13134641600639,-8.53920588530385,2025-03-16,23:36:03
37.13140370956074,-8.539206127504642,2025-03-16,23:36:13
37.13140263570365,-8.539208677437138,2025-03-16,23:36:23
37.13141975292728,-8.539257245469821,2025-03-16,23:36:33
37.13142227423577,-8.53926053605335,2025-03-16,23:36:43
37.131389929710295,-8.53912978007819,2025-03-16,23:36:53
37.13137462749341,-8.539230432872364,2025-03-16,23:37:03
37.13143991112008,-8.539283825108443,2025-03-16,23:37:13
37.131467061494405,-8.539322732513149,2025-03-16,23:37:23
37.13146419646928,-8.5393362840481,2025-03-16,23:37:33
37.13146543158605,-8.539341205435276,2025-03-16,23:37:43
37.13156215859158,-8.539381364909419,2025-03-16,23:37:53
37.13156339864659,-8.539375523041405,2025-03-16,23:38:03
37.13146648107683,-8.539325099848451,2025-03-16,23:38:13
37.131465885309325,-8.539322819483694,2025-03-16,23:38:23
37.13157156332059,-8.539378862035912,2025-03-16,23:38:33
37.131567615623766,-8.539374876630168,2025-03-16,23:38:43
37.131473270584046,-8.539343997077903,2025-03-16,23:38:53
37.13156551859607,-8.539372927869364,2025-03-16,23:39:03
37.131629897840114,-8.539377521922361,2025-03-16,23:39:13
37.13156175398202,-8.539375442634345,2025-03-16,23:39:23
37.13156266519538,-8.539372590841927,2025-03-16,23:39:33
37.13151986175579,-8.539397713760506,2025-03-16,23:39:43
37.13153088573818,-8.539397220875735,2025-03-16,23:39:53
37.13146650370495,-8.539323372113914,2025-03-16,23:40:03
37.131528613068994,-8.539322171273048,2025-03-16,23:40:13
37.13142768511126,-8.53919738078404,2025-03-16,23:40:23
37.13142553361176,-8.53916121997077,2025-03-16,23:40:33
37.13138988547755,-8.539184296160354,2025-03-16,23:40:43
37.13139004338619,-8.539184221348235,2025-03-16,23:40:53
37.13136838444756,-8.539187297769656,2025-03-16,23:41:03
37.13136867995242,-8.539189939012685,2025-03-16,23:41:13
37.13132961923015,-8.539146749649415,2025-03-16,23:41:23
37.13133249753431,-8.539145309295995,2025-03-16,23:41:33
37.13132531505856,-8.539139940091113,2025-03-16,23:41:43
37.13110792337195,-8.539297474730033,2025-03-16,23:41:53
37.131193309363205,-8.539214301014368,2025-03-16,23:42:03
37.13097546073087,-8.539390550078336,2025-03-16,23:42:13
37.13109465206577,-8.539300029243101,2025-03-16,23:42:23
37.13140824717268,-8.53903933344934,2025-03-16,23:42:33
37.13141826205343,-8.539032229886105,2025-03-16,23:42:43
37.13157284542651,-8.538901414730157,2025-03-16,23:42:53
37.13165126651176,-8.538835458861575,2025-03-16,23:43:03
37.13174367710696,-8.53881293133746,2025-03-16,23:43:13
37.1317369630983,-8.538838142490762,2025-03-16,23:43:23
37.13176602903641,-8.538850631573842,2025-03-16,23:43:33
37.13178797497613,-8.538792339561999,2025-03-16,23:43:43
37.131872706646206,-8.538737656719007,2025-03-16,23:43:53
37.13194639788764,-8.538640481973841,2025-03-16,23:44:03
37.13201226253139,-8.538567194261327,2025-03-16,23:44:13
37.13205111497525,-8.538540891143365,2025-03-16,23:44:23
37.13213948207599,-8.5384673770839,2025-03-16,23:44:33
37.13216738740827,-8.538369275506758,2025-03-16,23:44:43
37.13225695479905,-8.538292396416761,2025-03-16,23:44:53
37.1323120670052,-8.538142396834454,2025-03-16,23:45:03
37.13233610665506,-8.538023651298554,2025-03-16,23:45:13
37.13237823978554,-8.537919418470079,2025-03-16,23:45:23
37.132398694324095,-8.53777297774624,2025-03-16,23:45:33
37.13236669417899,-8.537640608129346,2025-03-16,23:45:43
37.13234877912284,-8.537518431567719,2025-03-16,23:45:53
37.13236768401401,-8.537394212494156,2025-03-16,23:46:03
37.13234707483798,-8.53726476138717,2025-03-16,23:46:13
37.132345188103926,-8.537136226295033,2025-03-16,23:46:23
37.13236480387693,-8.537062424038279,2025-03-16,23:46:33
37.13235978984084,-8.536909085573306,2025-03-16,23:46:43
37.13238816486273,-8.536762483343818,2025-03-16,23:46:53
37.13246616577568,-8.536754177701686,2025-03-16,23:47:03
37.13257901171932,-8.536684645550856,2025-03-16,23:47:13
37.13262881600077,-8.536746342469854,2025-03-16,23:47:23
37.13268322435798,-8.536887056428109,2025-03-16,23:47:33
37.132744617155375,-8.536970849307007,2025-03-16,23:47:43
37.1328360676542,-8.536950318223491,2025-03-16,23:47:53
37.132917942484006,-8.536756741772331,2025-03-16,23:48:03
37.13289295661954,-8.536558984758276,2025-03-16,23:48:13
37.13293332517951,-8.536446710573266,2025-03-16,23:48:23
37.13294882010475,-8.53630509472389,2025-03-16,23:48:33
37.13288432265306,-8.53622868678486,2025-03-16,23:48:43
37.13274462426613,-8.536232551072692,2025-03-16,23:48:53
37.13270782360778,-8.536163520943152,2025-03-16,23:49:03
37.13266616894249,-8.536133590677293,2025-03-16,23:49:13
37.13255767456703,-8.536143434394635,2025-03-16,23:49:23
37.132531682776815,-8.53609738972686,2025-03-16,23:49:33
37.13237028158084,-8.536093989658884,2025-03-16,23:49:43
37.13234978963302,-8.536075852904789,2025-03-16,23:49:53
37.13220948601814,-8.535953310801657,2025-03-16,23:50:03
37.13215004861644,-8.53594206079129,2025-03-16,23:50:13
37.13214810335246,-8.535960175932626,2025-03-16,23:50:23
37.13211444220078,-8.535944734838674,2025-03-16,23:50:33
37.13207561117988,-8.5358867125484,2025-03-16,23:50:43
37.13200399568079,-8.53586560112166,2025-03-16,23:50:53
37.131918494092005,-8.535906745162796,2025-03-16,23:51:03
37.13192307687571,-8.536099527789649,2025-03-16,23:51:13
37.13185839774665,-8.535988761765449,2025-03-16,23:51:23
37.13177347834453,-8.535893737975012,2025-03-16,23:51:33
37.13172220469056,-8.535958209985075,2025-03-16,23:51:43
37.1316161910518,-8.53593374848116,2025-03-16,23:51:53
37.1315716097005,-8.535920444843766,2025-03-16,23:52:03
37.13146327175839,-8.535955245283706,2025-03-16,23:52:13
37.13138721563859,-8.5361432208223,2025-03-16,23:52:23
37.13146781549493,-8.536252567183045,2025-03-16,23:52:33
37.13153036176542,-8.536332673595433,2025-03-16,23:52:43
37.131582808117976,-8.536394999024985,2025-03-16,23:52:53
37.13167156857412,-8.536460228316887,2025-03-16,23:53:03
37.13170771122997,-8.536584032954257,2025-03-16,23:53:13
37.13177413881585,-8.53660967010423,2025-03-16,23:53:23
37.13185385963775,-8.53664137462408,2025-03-16,23:53:33
37.13189763484621,-8.536700394115574,2025-03-16,23:53:43
37.131894533576734,-8.536801417999444,2025-03-16,23:53:53
37.13187846177289,-8.53686994652625,2025-03-16,23:54:03
37.13186886241895,-8.536995139758027,2025-03-16,23:54:13
37.13185497327101,-8.537113296463044,2025-03-16,23:54:23
37.13193567112511,-8.53715285000337,2025-03-16,23:54:33
37.13202698532128,-8.537171260986348,2025-03-16,23:54:43
37.13208152135364,-8.537236252597928,2025-03-16,23:54:53
37.13208352381271,-8.537263707413024,2025-03-16,23:55:03
37.13207273205157,-8.53735784342928,2025-03-16,23:55:13
37.13207117407306,-8.537429555924934,2025-03-16,23:55:23
37.1320553388819,-8.537548235622719,2025-03-16,23:55:33
37.13204978152691,-8.537543675943867,2025-03-16,23:55:43
37.132037504653056,-8.537535874936182,2025-03-16,23:55:53
37.1320284561486,-8.537576705860273,2025-03-16,23:56:03
37.1320075211614,-8.538007469638249,2025-03-16,23:56:13
37.132049859536,-8.53777874261936,2025-03-16,23:56:23
37.13201029695304,-8.537890305750572,2025-03-16,23:56:33
37.13199833118078,-8.537980432006623,2025-03-16,23:56:43
37.13199098867203,-8.538051752806487,2025-03-16,23:56:53
37.131974655747534,-8.538139066198063,2025-03-16,23:57:03
37.13197696693399,-8.538290775920428,2025-03-16,23:57:13
37.13199936944836,-8.538406229348597,2025-03-16,23:57:23
37.13193742961004,-8.538473938841232,2025-03-16,23:57:33
37.13187294723275,-8.538538957552978,2025-03-16,23:57:43
37.1318290213628,-8.538633536376,2025-03-16,23:57:53
37.13177019408994,-8.538702457896457,2025-03-16,23:58:03
37.13171180866452,-8.538756509266085,2025-03-16,23:58:13
37.131605106170085,-8.53880103935189,2025-03-16,23:58:23
37.13156157341909,-8.538922925605124,2025-03-16,23:58:33
37.13149814277882,-8.538953089419158,2025-03-16,23:58:43
37.13144420425401,-8.539005775516967,2025-03-16,23:58:53
37.13133405612871,-8.539025023342012,2025-03-16,23:59:03
37.1313174835592,-8.539084533498905,2025-03-16,23:59:13
37.131194288331855,-8.539012941618221,2025-03-16,23:59:23
37.13120802309111,-8.539117416374886,2025-03-16,23:59:33
37.13110102809711,-8.539137952037658,2025-03-16,23:59:43
